anzahl;vorname;geschlecht;position
58;Marie;w;2
50;Noah;m;1
44;Sophie;w;2
43;Mila;w;1
41;Charlotte;w;2
41;Emilia;w;1
35;Charlotte;w;1
34;Maria;w;2
34;Mia;w;1
32;Elias;m;1
31;Adam;m;1
31;Emil;m;1
31;Emma;w;1
30;Leon;m;1
29;Alexander;m;2
28;Clara;w;1
27;Felix;m;1
27;Jonathan;m;1
25;Anton;m;1
24;Lina;w;1
23;Ida;w;1
23;Liam;m;1
23;Matteo;m;1
22;Ella;w;1
22;Sophia;w;1
22;Jakob;m;1
22;Milan;m;1
21;Mira;w;1
21;Louis;m;1
21;Oskar;m;1
21;Paul;m;1
20;Lara;w;1
20;Lea;w;1
20;Karl;m;1
20;Leo;m;1
20;Maximilian;m;1
20;Samuel;m;1
20;Theodor;m;1
19;Hannah;w;1
19;Helena;w;1
19;Leonie;w;1
19;Theo;m;1
18;Ali;m;2
18;Elisabeth;w;2
18;Marie;w;1
18;Arthur;m;1
17;David;m;2
17;Amelie;w;1
17;Frida;w;1
17;Leni;w;1
17;Nora;w;1
17;Paula;w;1
17;Finn;m;1
17;Jonas;m;1
17;Levi;m;1
17;Max;m;1
16;Karl;m;2
16;Valentin;m;2
16;Emilia;w;2
16;Emily;w;1
16;Hanna;w;1
16;Klara;w;1
16;Sara;w;1
16;Ilyas;m;1
15;Maximilian;m;2
15;Paul;m;2
15;Johanna;w;2
15;Alma;w;1
15;Adrian;m;1
15;Anna;w;1
15;Henri;m;1
15;Ela;w;1
15;Julia;w;1
14;Anton;m;2
14;Anna;w;2
14;Elias;m;2
14;Katharina;w;2
14;Ali;m;1
14;Henry;m;1
14;Ava;w;1
14;Julius;m;1
14;Johanna;w;1
14;Lukas;m;1
14;Matilda;w;1
14;Sophie;w;1
13;Luise;w;2
13;Rosa;w;2
13;Aaron;m;1
13;Bruno;m;1
13;Elena;w;1
13;David;m;1
13;Hamza;m;1
13;Linus;m;1
12;Emil;m;2
12;Felix;m;2
12;Johann;m;2
12;Sophia;w;2
12;Antonia;w;1
12;Laura;w;1
12;Maria;w;1
12;Rosalie;w;1
11;Can;m;2
11;Jakob;m;2
11;Julian;m;2
11;Amir;m;1
11;Johann;m;1
11;Ada;w;1
11;Kian;m;1
11;Alina;w;1
11;Mika;m;1
11;Amalia;w;1
11;Omar;m;1
11;Juna;w;1
11;Vincent;m;1
11;Leyla;w;1
11;Maya;w;1
11;Mina;w;1
11;Nisa;w;1
11;Pauline;w;1
11;Zoe;w;1
10;Helena;w;2
10;Nur;w;2
10;Leonard;m;2
10;Michael;m;2
10;Alexander;m;1
10;Ben;m;1
10;Friedrich;m;1
10;Julian;m;1
10;Leonardo;m;1
10;Luca;m;1
10;Carlotta;w;1
10;Malik;m;1
10;Elisa;w;1
10;Mateo;m;1
10;Lena;w;1
10;Raphael;m;1
10;Liya;w;1
10;Yusuf;m;1
10;Luna;w;1
10;Martha;w;1
10;Meryem;w;1
10;Pia;w;1
9;Carlotta;w;2
9;Elise;w;2
9;Emma;w;2
9;Andreas;m;2
9;Louise;w;2
9;Friedrich;m;2
9;Malou;w;2
9;Louis;m;2
9;Mathilda;w;2
9;Aras;m;1
9;Erik;m;1
9;Gabriel;m;1
9;Ibrahim;m;1
9;Elina;w;1
9;Jannis;m;1
9;Lia;w;1
9;Jonah;m;1
9;Luise;w;1
9;Leonard;m;1
9;Sofia;w;1
9;Levin;m;1
9;Thea;w;1
9;Lio;m;1
9;Luan;m;1
9;Lucas;m;1
9;Mattis;m;1
9;Mohammad;m;1
9;Simon;m;1
9;Tim;m;1
9;Ömer;m;1
8;Maria;w;3
8;Benjamin;m;2
8;Aurora;w;2
8;Henry;m;2
8;Clara;w;2
8;Liam;m;2
8;Helene;w;2
8;Luis;m;2
8;Lina;w;2
8;Luisa;w;2
8;Victoria;w;2
8;Amelia;w;1
8;Amina;w;1
8;Amira;w;1
8;Cleo;w;1
8;Frieda;w;1
8;Hilda;w;1
8;Lilia;w;1
8;Malia;w;1
8;Benjamin;m;1
8;Mara;w;1
8;Florian;m;1
8;Merle;w;1
8;Fritz;m;1
8;Milena;w;1
8;Lennard;m;1
8;Nina;w;1
8;Luis;m;1
8;Mert;m;1
8;Tom;m;1
7;Ben;m;2
7;Elijah;m;2
7;Emilian;m;2
7;Ida;w;2
7;Jonathan;m;2
7;Nisa;w;2
7;Joseph;m;2
7;Sara;w;2
7;Luca;m;2
7;Martin;m;2
7;Peter;m;2
7;Amilia;w;1
7;Eva;w;1
7;Finja;w;1
7;Bela;m;1
7;Hira;w;1
7;Can;m;1
7;Isabella;w;1
7;Carl;m;1
7;Josephine;w;1
7;Elian;m;1
7;Lilly;w;1
7;Emilio;m;1
7;Mathilda;w;1
7;Fiete;m;1
7;Milla;w;1
7;Jona;m;1
7;Nele;w;1
7;Jonte;m;1
7;Olivia;w;1
7;Luka;m;1
7;Paulina;w;1
7;Luke;m;1
7;Rosa;w;1
7;Mahir;m;1
7;Maxim;m;1
7;Milo;m;1
7;Mohamed;m;1
7;Mohammed;m;1
7;Moritz;m;1
7;Nils;m;1
7;Oscar;m;1
7;Valentin;m;1
6;Paul;m;3
6;Charlotte;w;3
6;Antonia;w;2
6;Grace;w;2
6;Lou;w;2
6;Alp;m;2
6;Louisa;w;2
6;Arthur;m;2
6;Malia;w;2
6;Caspar;m;2
6;Olivia;w;2
6;Constantin;m;2
6;Pauline;w;2
6;Daniel;m;2
6;Sofia;w;2
6;Jonas;m;2
6;Su;w;2
6;Leo;m;2
6;Levi;m;2
6;Oskar;m;2
6;Philipp;m;2
6;Tobias;m;2
6;Aleyna;w;1
6;Alva;w;1
6;Asel;w;1
6;Aurelia;w;1
6;Elea;w;1
6;Eleni;w;1
6;Elif;w;1
6;Liana;w;1
6;Lisa;w;1
6;Albert;m;1
6;Liyana;w;1
6;Ayaz;m;1
6;Louise;w;1
6;Caspar;m;1
6;Luisa;w;1
6;Daniel;m;1
6;Maja;w;1
6;Emilian;m;1
6;Miriam;w;1
6;Enno;m;1
6;Ronja;w;1
6;Isa;m;1
6;Stella;w;1
6;Jamal;m;1
6;Talia;w;1
6;Jan;m;1
6;Zeynep;w;1
6;John;m;1
6;Joshua;m;1
6;Justus;m;1
6;Kilian;m;1
6;Konstantin;m;1
6;Mats;m;1
6;Mehmet;m;1
6;Mio;m;1
6;Muhammed;m;1
6;Nathan;m;1
6;Ole;m;1
6;Philipp;m;1
6;Toni;m;1
5;Michael;m;3
5;Amelie;w;2
5;Josefine;w;2
5;Lea;w;2
5;Liya;w;2
5;Lucia;w;2
5;Efe;m;2
5;Mia;w;2
5;Emir;m;2
5;Paula;w;2
5;Frank;m;2
5;Viktoria;w;2
5;Gabriel;m;2
5;Zeynep;w;2
5;Johannes;m;2
5;Joshua;m;2
5;Julius;m;2
5;Matteo;m;2
5;Noah;m;2
5;Ole;m;2
5;Theodor;m;2
5;Alissa;w;1
5;Aurora;w;1
5;Ayla;w;1
5;Edda;w;1
5;Flora;w;1
5;Greta;w;1
5;Jana;w;1
5;Jasmin;w;1
5;Leah;w;1
5;Lene;w;1
5;Lilli;w;1
5;Livia;w;1
5;Lola;w;1
5;August;m;1
5;Lotta;w;1
5;Benno;m;1
5;Lou;w;1
5;Charlie;m;1
5;Mariam;w;1
5;Elyas;m;1
5;Marla;w;1
5;Ferdinand;m;1
5;Marlene;w;1
5;Frederik;m;1
5;Medina;w;1
5;Hannes;m;1
5;Miray;w;1
5;Hussein;m;1
5;Mona;w;1
5;Idris;m;1
5;Noa;w;1
5;Issa;m;1
5;Pina;w;1
5;Johan;m;1
5;Rebecca;w;1
5;Juri;m;1
5;Rita;w;1
5;Kaan;m;1
5;Sarah;w;1
5;Karim;m;1
5;Tasnim;w;1
5;Kasimir;m;1
5;Tilda;w;1
5;Lasse;m;1
5;Victoria;w;1
5;Lian;m;1
5;Viktoria;w;1
5;Malte;m;1
5;Yuna;w;1
5;Matheo;m;1
5;Mattia;m;1
5;Mikail;m;1
5;Nael;m;1
5;Noel;m;1
5;Otto;m;1
5;Taha;m;1
5;Yasin;m;1
5;Yunus;m;1
4;Elisabeth;w;3
4;Alexandra;w;2
4;Alma;w;2
4;Amalia;w;2
4;Andrea;w;2
4;Anne;w;2
4;Dorothea;w;2
4;Elizabeth;w;2
4;Antonio;m;2
4;Ellen;w;2
4;Artur;m;2
4;Emilie;w;2
4;August;m;2
4;Felicia;w;2
4;Bo;m;2
4;Friederike;w;2
4;Fabian;m;2
4;Hanna;w;2
4;Finn;m;2
4;Josephine;w;2
4;Florian;m;2
4;Lara;w;2
4;Frederik;m;2
4;Liv;w;2
4;Georg;m;2
4;Magdalena;w;2
4;Gustav;m;2
4;Martha;w;2
4;Henri;m;2
4;Mina;w;2
4;Ilay;m;2
4;Rosalie;w;2
4;Jasper;m;2
4;Sofie;w;2
4;Joel;m;2
4;Kurt;m;2
4;Leander;m;2
4;Leopold;m;2
4;Malik;m;2
4;Manuel;m;2
4;Matheo;m;2
4;Nicolas;m;2
4;Otto;m;2
4;Patrick;m;2
4;Piet;m;2
4;Rafael;m;2
4;Samuel;m;2
4;Thomas;m;2
4;Uwe;m;2
4;Wilhelm;m;2
4;Alice;w;1
4;Alicia;w;1
4;Annika;w;1
4;Cataleya;w;1
4;Diana;w;1
4;Eleonora;w;1
4;Elin;w;1
4;Elise;w;1
4;Elsa;w;1
4;Ahmad;m;1
4;Fatima;w;1
4;Alfred;m;1
4;Helene;w;1
4;Antonio;m;1
4;Iris;w;1
4;Arian;m;1
4;Karla;w;1
4;Aron;m;1
4;Layan;w;1
4;Benedikt;m;1
4;Layla;w;1
4;Dominik;m;1
4;Lily;w;1
4;Edgar;m;1
4;Liv;w;1
4;Emir;m;1
4;Louisa;w;1
4;Eric;m;1
4;Lucia;w;1
4;Ertuğrul;m;1
4;Lucy;w;1
4;Jacob;m;1
4;Lydia;w;1
4;Jaro;m;1
4;Magdalena;w;1
4;Jaron;m;1
4;Malak;w;1
4;Jascha;m;1
4;Melina;w;1
4;Jasper;m;1
4;Minna;w;1
4;Joseph;m;1
4;Raya;w;1
4;Kamil;m;1
4;Romy;w;1
4;Keno;m;1
4;Selin;w;1
4;Kerem;m;1
4;Tala;w;1
4;Lias;m;1
4;Teresa;w;1
4;Ludwig;m;1
4;Toni;w;1
4;Marco;m;1
4;Valeria;w;1
4;Marko;m;1
4;Yael;w;1
4;Martin;m;1
4;Yasmin;w;1
4;Merlin;m;1
4;Zoey;w;1
4;Miran;m;1
4;Muhammad;m;1
4;Musa;m;1
4;Mustafa;m;1
4;Nicolas;m;1
4;Nikolas;m;1
4;Nuri;m;1
4;Robin;m;1
4;Till;m;1
4;Timur;m;1
4;Umut;m;1
4;Yiğit;m;1
4;Zeyd;m;1
3;Alexander;m;3
3;Christian;m;3
3;Mathilda;w;3
3;Henry;m;3
3;Josef;m;3
3;Peter;m;3
3;Alina;w;2
3;Amelia;w;2
3;Amira;w;2
3;Amélie;w;2
3;Ava;w;2
3;Bianca;w;2
3;Cecilia;w;2
3;Defne;w;2
3;Elena;w;2
3;Elisa;w;2
3;Elli;w;2
3;Fatima;w;2
3;Flora;w;2
3;Florentine;w;2
3;Gül;w;2
3;Hafsa;w;2
3;Adrian;m;2
3;Isabel;w;2
3;Albert;m;2
3;Isabella;w;2
3;Alexis;m;2
3;Ivy;w;2
3;Aras;m;2
3;Jasmin;w;2
3;Azad;m;2
3;Julie;w;2
3;Bernhard;m;2
3;Juna;w;2
3;Bruno;m;2
3;Karlotta;w;2
3;Carl;m;2
3;Leonore;w;2
3;Carlo;m;2
3;Leyla;w;2
3;Elio;m;2
3;Lotte;w;2
3;Emilio;m;2
3;Luciana;w;2
3;Erik;m;2
3;Madita;w;2
3;Ferdinand;m;2
3;Margarethe;w;2
3;Fiete;m;2
3;Mariana;w;2
3;Frederick;m;2
3;Marlene;w;2
3;Fridolin;m;2
3;Mathilde;w;2
3;Fritz;m;2
3;Matilda;w;2
3;Hamza;m;2
3;Mila;w;2
3;Hannes;m;2
3;Milena;w;2
3;Hendrik;m;2
3;My;w;2
3;Herbert;m;2
3;Nora;w;2
3;Jan;m;2
3;Philine;w;2
3;John;m;2
3;Salome;w;2
3;Jona;m;2
3;Stella;w;2
3;Jonah;m;2
3;Tara;w;2
3;Josef;m;2
3;Valentina;w;2
3;Jürgen;m;2
3;Wilhelmine;w;2
3;Kaleo;m;2
3;Zahra;w;2
3;Kemal;m;2
3;Zofia;w;2
3;Kilian;m;2
3;Leon;m;2
3;Lian;m;2
3;Lio;m;2
3;Lucas;m;2
3;Lukas;m;2
3;Mahir;m;2
3;Marco;m;2
3;Marian;m;2
3;Milan;m;2
3;Miran;m;2
3;Niklas;m;2
3;Noel;m;2
3;Samet;m;2
3;Sebastian;m;2
3;Theo;m;2
3;Tristan;m;2
3;Willi;m;2
3;Wolf;m;2
3;Yahya;m;2
3;Yusuf;m;2
3;Zeyd;m;2
3;Alessia;w;1
3;Aliya;w;1
3;Aliyah;w;1
3;Amélie;w;1
3;Anastasia;w;1
3;Anastasija;w;1
3;Anouk;w;1
3;Ariana;w;1
3;Astrid;w;1
3;Azra;w;1
3;Cecilia;w;1
3;Celina;w;1
3;Dalia;w;1
3;Abdullah;m;1
3;Defne;w;1
3;Ahmed;m;1
3;Eda;w;1
3;Alex;m;1
3;Esila;w;1
3;Amin;m;1
3;Eslem;w;1
3;Armin;m;1
3;Felina;w;1
3;Aurelio;m;1
3;Gloria;w;1
3;Bennet;m;1
3;Hedi;w;1
3;Camilo;m;1
3;Helin;w;1
3;Carlo;m;1
3;Hilde;w;1
3;Christian;m;1
3;Ivy;w;1
3;Constantin;m;1
3;Jannah;w;1
3;Dian;m;1
3;Josefine;w;1
3;Dion;m;1
3;Juno;w;1
3;Edis;m;1
3;Katja;w;1
3;Elio;m;1
3;Kaya;w;1
3;Emanuel;m;1
3;Lana;w;1
3;Emin;m;1
3;Layal;w;1
3;Emre;m;1
3;Liah;w;1
3;Enes;m;1
3;Lieselotte;w;1
3;Ennio;m;1
3;Linda;w;1
3;Ensar;m;1
3;Linn;w;1
3;Erdem;m;1
3;Liyah;w;1
3;Filip;m;1
3;Léa;w;1
3;Francesco;m;1
3;Malina;w;1
3;Frederick;m;1
3;Malou;w;1
3;Fynn;m;1
3;Melek;w;1
3;Georg;m;1
3;Meyra;w;1
3;Gustav;m;1
3;Minel;w;1
3;Ilay;m;1
3;Minou;w;1
3;Ilias;m;1
3;Nadia;w;1
3;Jannes;m;1
3;Naomi;w;1
3;Jibril;m;1
3;Nayla;w;1
3;Johannes;m;1
3;Nefeli;w;1
3;Junis;m;1
3;Nia;w;1
3;Kai;m;1
3;Nila;w;1
3;Khaled;m;1
3;Noemi;w;1
3;Kolja;m;1
3;Nour;w;1
3;Koray;m;1
3;Ophelia;w;1
3;Lean;m;1
3;Pola;w;1
3;Lennart;m;1
3;Rose;w;1
3;Lionel;m;1
3;Saliha;w;1
3;Lou;m;1
3;Sena;w;1
3;Mael;m;1
3;Svea;w;1
3;Mailo;m;1
3;Thalia;w;1
3;Malek;m;1
3;Theresa;w;1
3;Marlo;m;1
3;Valentina;w;1
3;Marlon;m;1
3;Valerie;w;1
3;Marten;m;1
3;Wilma;w;1
3;Mikael;m;1
3;Zahraa;w;1
3;Mirac;m;1
3;Zara;w;1
3;Miraç;m;1
3;Zehra;w;1
3;Mirza;m;1
3;Zerya;w;1
3;Nico;m;1
3;Zeyneb;w;1
3;Nikan;m;1
3;Zoé;w;1
3;Nikita;m;1
3;Zoë;w;1
3;Niklas;m;1
3;Zümra;w;1
3;Nikolai;m;1
3;Oliver;m;1
3;Peter;m;1
3;Rafael;m;1
3;Richard;m;1
3;Ryan;m;1
3;Samson;m;1
3;Sebastian;m;1
3;Teo;m;1
3;Teoman;m;1
3;Tiam;m;1
3;Timo;m;1
3;Tobias;m;1
3;Willi;m;1
3;Wim;m;1
3;Yazan;m;1
3;Younes;m;1
3;Yousef;m;1
2;Anh;w;3
2;Anna;w;3
2;Josephine;w;3
2;Andreas;m;3
2;Lucia;w;3
2;Anh;m;3
2;Luise;w;3
2;Axel;m;3
2;Marie;w;3
2;Balthasar;m;3
2;Martha;w;3
2;Emanuel;m;3
2;Monika;w;3
2;Friedrich;m;3
2;Sophie;w;3
2;Heinrich;m;3
2;Zoe;w;3
2;Johan;m;3
2;Klaus;m;3
2;Kurt;m;3
2;Lou;m;3
2;Luis;m;3
2;Manfred;m;3
2;Martin;m;3
2;Max;m;3
2;Robert;m;3
2;Sebastian;m;3
2;Valentin;m;3
2;Walter;m;3
2;Wolfgang;m;3
2;;w;2
2;Aaliyah;w;2
2;Ada;w;2
2;Adele;w;2
2;Alana;w;2
2;Alessia;w;2
2;Aleyna;w;2
2;Alva;w;2
2;Amalie;w;2
2;Amar;w;2
2;Amaya;w;2
2;Anita;w;2
2;Ann;w;2
2;Annemarie;w;2
2;Annette;w;2
2;Annikki;w;2
2;Astrid;w;2
2;Aurelia;w;2
2;Barbara;w;2
2;Cataleya;w;2
2;Christiane;w;2
2;Christina;w;2
2;;m;2
2;Christine;w;2
2;Abdullah;m;2
2;Conny;w;2
2;Aleksander;m;2
2;Edith;w;2
2;Alfred;m;2
2;Elea;w;2
2;Angel;m;2
2;Eleni;w;2
2;Arvid;m;2
2;Elfriede;w;2
2;Ata;m;2
2;Elif;w;2
2;Ayan;m;2
2;Elin;w;2
2;Ayaz;m;2
2;Elke;w;2
2;Batuhan;m;2
2;Ella;w;2
2;Benedikt;m;2
2;Ellie;w;2
2;Bernd;m;2
2;Elsa;w;2
2;Bilal;m;2
2;Esther;w;2
2;Björn;m;2
2;Eveline;w;2
2;Bodo;m;2
2;Evelyn;w;2
2;Christopher;m;2
2;Felicitas;w;2
2;Cornelius;m;2
2;Felina;w;2
2;Damian;m;2
2;Frieda;w;2
2;Davin;m;2
2;Fritzi;w;2
2;Davis;m;2
2;Gabriela;w;2
2;Derin;m;2
2;Gabriele;w;2
2;Dirk;m;2
2;Gerda;w;2
2;Dylan;m;2
2;Greta;w;2
2;Edgar;m;2
2;Hanne;w;2
2;Edward;m;2
2;Helen;w;2
2;Emin;m;2
2;Helga;w;2
2;Enes;m;2
2;Hüma;w;2
2;Eren;m;2
2;Ilse;w;2
2;Erich;m;2
2;Inaaya;w;2
2;Ernst;m;2
2;Ingrid;w;2
2;Erol;m;2
2;Ioana;w;2
2;Eugen;m;2
2;Irene;w;2
2;Florentin;m;2
2;Irma;w;2
2;Floris;m;2
2;Isabelle;w;2
2;Francis;m;2
2;Jane;w;2
2;Franz;m;2
2;Jeanne;w;2
2;Fynn;m;2
2;Josefa;w;2
2;Günter;m;2
2;Judith;w;2
2;Hans-Joachim;m;2
2;Julia;w;2
2;Heinrich;m;2
2;Kalea;w;2
2;Heinz;m;2
2;Karina;w;2
2;Henrik;m;2
2;Käthe;w;2
2;Hugo;m;2
2;Leonie;w;2
2;Hüseyin;m;2
2;Lia;w;2
2;Ilyas;m;2
2;Lilian;w;2
2;Immanuel;m;2
2;Lilli;w;2
2;Isaiah;m;2
2;Lilly;w;2
2;Issa;m;2
2;Linda;w;2
2;James;m;2
2;Linh;w;2
2;Jannis;m;2
2;Linn;w;2
2;Janosch;m;2
2;Lisanne;w;2
2;José;m;2
2;Lola;w;2
2;Junis;m;2
2;Louane;w;2
2;Juri;m;2
2;Luana;w;2
2;Justus;m;2
2;Mae;w;2
2;Kaan;m;2
2;Magdalene;w;2
2;Kamil;m;2
2;Malika;w;2
2;Karim;m;2
2;Malina;w;2
2;Kasimir;m;2
2;Manuela;w;2
2;Kerim;m;2
2;Mara;w;2
2;Kian;m;2
2;Margarete;w;2
2;Klaus;m;2
2;Marianna;w;2
2;Kwame;m;2
2;Martina;w;2
2;Lasse;m;2
2;Maya;w;2
2;Latif;m;2
2;Meliha;w;2
2;Leonardo;m;2
2;Melissa;w;2
2;Levin;m;2
2;Meryem;w;2
2;Lovis;m;2
2;Michaela;w;2
2;Lucian;m;2
2;Michelle;w;2
2;Lucien;m;2
2;Milou;w;2
2;Luka;m;2
2;Minel;w;2
2;Marc;m;2
2;Mira;w;2
2;Marcel;m;2
2;Miriam;w;2
2;Marek;m;2
2;Noemi;w;2
2;Maria;m;2
2;Nour;w;2
2;Marius;m;2
2;Paulina;w;2
2;Markus;m;2
2;Rose;w;2
2;Mattheo;m;2
2;Rüya;w;2
2;Matthias;m;2
2;Sarah;w;2
2;Matti;m;2
2;Susanne;w;2
2;Mattis;m;2
2;Toni;w;2
2;Max;m;2
2;Ulla;w;2
2;Maxim;m;2
2;Ulrike;w;2
2;Maël;m;2
2;Valerie;w;2
2;Mehmet;m;2
2;Weronika;w;2
2;Mert;m;2
2;Yumi;w;2
2;Michel;m;2
2;Zehra;w;2
2;Milano;m;2
2;Zora;w;2
2;Mohammed;m;2
2;Zoé;w;2
2;Muhammed;m;2
2;Musa;m;2
2;Nana;m;2
2;Nathaniel;m;2
2;Neo;m;2
2;Nils;m;2
2;Nuh;m;2
2;Nur;m;2
2;Nuri;m;2
2;Oliver;m;2
2;Osman;m;2
2;Ove;m;2
2;Pepe;m;2
2;Ralf;m;2
2;Rayan;m;2
2;Robin;m;2
2;Selim;m;2
2;Singh;m;2
2;Tahir;m;2
2;Tian;m;2
2;Tim;m;2
2;Valentino;m;2
2;Viktorov;m;2
2;Vincent;m;2
2;Willem;m;2
2;Willy;m;2
2;Abigail;w;1
2;Adelia;w;1
2;Ahsen;w;1
2;Aino;w;1
2;Alexandra;w;1
2;Alya;w;1
2;Amal;w;1
2;Amy;w;1
2;Ana;w;1
2;Angelina;w;1
2;Anita;w;1
2;Annabelle;w;1
2;Annalena;w;1
2;Anni;w;1
2;Arya;w;1
2;Asiya;w;1
2;Asya;w;1
2;Aya;w;1
2;Adem;m;1
2;Ayat;w;1
2;Adnan;m;1
2;Ayda;w;1
2;Agit;m;1
2;Batoul;w;1
2;Alan;m;1
2;Bayan;w;1
2;Aleksander;m;1
2;Camilla;w;1
2;Alessio;m;1
2;Catalina;w;1
2;Alparslan;m;1
2;Chiara;w;1
2;Alperen;m;1
2;Chloe;w;1
2;Amar;m;1
2;Cosima;w;1
2;Amaru;m;1
2;Darina;w;1
2;Amédée;m;1
2;Dünya;w;1
2;Anis;m;1
2;Elara;w;1
2;Ares;m;1
2;Eleanor;w;1
2;Ari;m;1
2;Eliana;w;1
2;Ata;m;1
2;Eline;w;1
2;Aurelius;m;1
2;Elisabeth;w;1
2;Bastian;m;1
2;Elissa;w;1
2;Berat;m;1
2;Ellis;w;1
2;Bernardo;m;1
2;Emelie;w;1
2;Bilal;m;1
2;Emilie;w;1
2;Bo;m;1
2;Enissa;w;1
2;Burak;m;1
2;Erva;w;1
2;Bünyamin;m;1
2;Esmanur;w;1
2;Casper;m;1
2;Esra;w;1
2;Cem;m;1
2;Esther;w;1
2;Conner;m;1
2;Evi;w;1
2;Damjan;m;1
2;Fatma;w;1
2;Dan;m;1
2;Felicia;w;1
2;Denis;m;1
2;Felicitas;w;1
2;Deniz;m;1
2;Fiona;w;1
2;Denny;m;1
2;Freya;w;1
2;Devran;m;1
2;Freyja;w;1
2;Diego;m;1
2;Friederike;w;1
2;Dorian;m;1
2;Fritzi;w;1
2;Eddie;m;1
2;Georgina;w;1
2;Efe;m;1
2;Giulia;w;1
2;Elia;m;1
2;Hailey;w;1
2;Elliot;m;1
2;Halima;w;1
2;Eray;m;1
2;Hana;w;1
2;Eymen;m;1
2;Hedda;w;1
2;Fabian;m;1
2;Ilaria;w;1
2;Fedor;m;1
2;Ileyna;w;1
2;Felipe;m;1
2;Iman;w;1
2;Finley;m;1
2;Inga;w;1
2;Franz;m;1
2;Isabel;w;1
2;Fridolin;m;1
2;Isobel;w;1
2;Félix;m;1
2;Jamila;w;1
2;Gael;m;1
2;Jette;w;1
2;Gregor;m;1
2;Jolie;w;1
2;Hanno;m;1
2;Jolina;w;1
2;Harun;m;1
2;Jonna;w;1
2;Harvey;m;1
2;Judy;w;1
2;Hassan;m;1
2;Julie;w;1
2;Haydar;m;1
2;June;w;1
2;Hugo;m;1
2;Karlotta;w;1
2;Ilija;m;1
2;Katelyn;w;1
2;Ismael;m;1
2;Kiana;w;1
2;Ivan;m;1
2;Kiara;w;1
2;Jad;m;1
2;Käthe;w;1
2;Jakub;m;1
2;Laila;w;1
2;James;m;1
2;Lanea;w;1
2;Jano;m;1
2;Larin;w;1
2;Jason;m;1
2;Laya;w;1
2;Jawad;m;1
2;Leen;w;1
2;Jayden;m;1
2;Leonora;w;1
2;Jelle;m;1
2;Leonore;w;1
2;Joel;m;1
2;Lien;w;1
2;Jonne;m;1
2;Lilas;w;1
2;Joris;m;1
2;Lili;w;1
2;Joscha;m;1
2;Liliana;w;1
2;Joschua;m;1
2;Liljana;w;1
2;Josef;m;1
2;Lilo;w;1
2;Jovan;m;1
2;Lilou;w;1
2;Jurek;m;1
2;Linnea;w;1
2;Kalle;m;1
2;Lisbeth;w;1
2;Karam;m;1
2;Lorin;w;1
2;Khalil;m;1
2;Lotte;w;1
2;Kinan;m;1
2;Louann;w;1
2;Konrad;m;1
2;Lya;w;1
2;Kuno;m;1
2;Maila;w;1
2;Kurt;m;1
2;Maite;w;1
2;Kuzey;m;1
2;Malea;w;1
2;Laith;m;1
2;Maliah;w;1
2;Lando;m;1
2;Malin;w;1
2;Lars;m;1
2;Manessa;w;1
2;Lazar;m;1
2;Margot;w;1
2;Leander;m;1
2;Marianna;w;1
2;Lenn;m;1
2;Mariella;w;1
2;Lennox;m;1
2;Marielle;w;1
2;Leonhard;m;1
2;Marta;w;1
2;Leonidas;m;1
2;Masal;w;1
2;Leopold;m;1
2;Mascha;w;1
2;Lew;m;1
2;Mavi;w;1
2;Lino;m;1
2;Mayla;w;1
2;Lion;m;1
2;Melia;w;1
2;Lorenzo;m;1
2;Milana;w;1
2;Léo;m;1
2;Milica;w;1
2;Mahdi;m;1
2;Milina;w;1
2;Mahmoud;m;1
2;Millie;w;1
2;Mahmut;m;1
2;Minu;w;1
2;Manoah;m;1
2;Mirjam;w;1
2;Marcel;m;1
2;Natalia;w;1
2;Marvin;m;1
2;Naya;w;1
2;Matthias;m;1
2;Neela;w;1
2;Maximilio;m;1
2;Nefes;w;1
2;Merdan;m;1
2;Nella;w;1
2;Michael;m;1
2;Neva;w;1
2;Miko;m;1
2;Nicole;w;1
2;Milad;m;1
2;Nola;w;1
2;Miles;m;1
2;Palina;w;1
2;Mirkan;m;1
2;Polly;w;1
2;Mohamad;m;1
2;Rayan;w;1
2;Momo;m;1
2;Reyyan;w;1
2;Nadir;m;1
2;Rhea;w;1
2;Navid;m;1
2;Rima;w;1
2;Niko;m;1
2;Rubi;w;1
2;Nikolaos;m;1
2;Rubina;w;1
2;Nima;m;1
2;Ruby;w;1
2;Nino;m;1
2;Runa;w;1
2;Noan;m;1
2;Salome;w;1
2;Nouri;m;1
2;Selma;w;1
2;Nuno;m;1
2;Shirin;w;1
2;Otis;m;1
2;Sidra;w;1
2;Philip;m;1
2;Soraya;w;1
2;Phillip;m;1
2;Suri;w;1
2;Piet;m;1
2;Tabea;w;1
2;Rami;m;1
2;Talya;w;1
2;Rio;m;1
2;Tarja;w;1
2;Robert;m;1
2;Tessa;w;1
2;Salih;m;1
2;Tiana;w;1
2;Sam;m;1
2;Vera;w;1
2;Samu;m;1
2;Veronika;w;1
2;Semih;m;1
2;Vida;w;1
2;Stefan;m;1
2;Viola;w;1
2;Tahir;m;1
2;Vivien;w;1
2;Teodor;m;1
2;Wanda;w;1
2;Thiago;m;1
2;Yara;w;1
2;Thies;m;1
2;Yaren;w;1
2;Thilo;m;1
2;Ylva;w;1
2;Thore;m;1
2;Zainab;w;1
2;Titus;m;1
2;Zeinab;w;1
2;Tristan;m;1
2;Émilie;w;1
2;Uraz;m;1
2;Vassilios;m;1
2;Vince;m;1
2;Wanja;m;1
2;Willem;m;1
2;Yahya;m;1
2;Yousuf;m;1
2;Zaid;m;1
2;Zayn;m;1
2;Çinar;m;1
1;Finn;m;5
1;Triana;w;5
1;Heinrich;m;5
1;Walo;w;5
1;Amir;m;4
1;Alice;w;4
1;Andreas;m;4
1;Amelie;w;4
1;Aubyn;m;4
1;Anh;w;4
1;Bam-Bam;m;4
1;Asta;w;4
1;Bernhard;m;4
1;Edith;w;4
1;Frank;m;4
1;Evelin;w;4
1;Józef;m;4
1;Evelyne;w;4
1;Kelly;m;4
1;Gold;w;4
1;Milo;m;4
1;Heidi;w;4
1;Otto;m;4
1;Hildegard;w;4
1;Parakeet;m;4
1;Johanna;w;4
1;Ragnar;m;4
1;Lola;w;4
1;Sebastian;m;4
1;Lynn;w;4
1;Siegmar;m;4
1;Margarete;w;4
1;Symeon;m;4
1;Margarethe;w;4
1;Thomas;m;4
1;Maya;w;4
1;Wilhelm;m;4
1;Merabella;w;4
1;Yusuf;m;4
1;Na;w;4
1;Pheline;w;4
1;Rachel;w;4
1;Sitta;w;4
1;Vi;w;4
1;Viktoria;w;4
1;;w;3
1;Abdullah;w;3
1;Ada;w;3
1;Agnes;w;3
1;Agneta;w;3
1;Aleksandrovna;w;3
1;Alexandra;w;3
1;Alina;w;3
1;Amalia;w;3
1;Amaranta;w;3
1;Amelia;w;3
1;An;w;3
1;Anais;w;3
1;Aaron;m;3
1;Anastasia;w;3
1;Abdulla;m;3
1;Andrea;w;3
1;Abdullah;m;3
1;Angelika;w;3
1;Adam;m;3
1;Annabella;w;3
1;Ahmed;m;3
1;Anne;w;3
1;Alesio;m;3
1;Annelie;w;3
1;Alex;m;3
1;Astrid;w;3
1;Alfred;m;3
1;Ava;w;3
1;Amaru;m;3
1;Ayse;w;3
1;Andrik;m;3
1;Benigna;w;3
1;André;m;3
1;Benita;w;3
1;Andrés;m;3
1;Berna;w;3
1;Anton;m;3
1;Bo;w;3
1;Armand;m;3
1;Boez;w;3
1;Artemis;m;3
1;Bracha;w;3
1;Arthur;m;3
1;Caroline;w;3
1;Artur;m;3
1;Carrera;w;3
1;Augustin;m;3
1;Catrin;w;3
1;Aziz;m;3
1;Cetra;w;3
1;Babiker;m;3
1;Christa;w;3
1;Barrie;m;3
1;Christina;w;3
1;Beekes;m;3
1;Christine;w;3
1;Benedikt;m;3
1;Clara;w;3
1;Benjamin;m;3
1;Cleo;w;3
1;Bert;m;3
1;Constanze;w;3
1;Björn;m;3
1;Dagmar;w;3
1;Bounamassi;m;3
1;Damkjær;w;3
1;Burke;m;3
1;Dana;w;3
1;Cuno;m;3
1;Davis;w;3
1;Dan;m;3
1;Deborah;w;3
1;Daniel;m;3
1;Denise;w;3
1;Danquah;m;3
1;Difan;w;3
1;David;m;3
1;Dorothea;w;3
1;Detlef;m;3
1;Dragica;w;3
1;Dimitrije;m;3
1;Edith;w;3
1;Dirk;m;3
1;Ehra;w;3
1;Eddie;m;3
1;Elektra;w;3
1;Edmund;m;3
1;Elif;w;3
1;Eduard;m;3
1;Emilia;w;3
1;Efe;m;3
1;Emilie;w;3
1;Egon;m;3
1;Emily;w;3
1;Fabianson;m;3
1;Erika;w;3
1;Fidelius;m;3
1;Erna;w;3
1;Floki;m;3
1;Esmeralda;w;3
1;Florentin;m;3
1;Fabiola;w;3
1;Fonseca;m;3
1;Fatme;w;3
1;Frank;m;3
1;Favour;w;3
1;Frederik;m;3
1;Franziska;w;3
1;Fridolin;m;3
1;Frederike;w;3
1;Fritz;m;3
1;Freya;w;3
1;Gakuta;m;3
1;Frieda;w;3
1;George;m;3
1;Fritzi;w;3
1;Golden;m;3
1;Frohmut;w;3
1;Gottfried;m;3
1;Gabrielle;w;3
1;Graeme;m;3
1;Geneviève;w;3
1;Gunnar;m;3
1;Genoveva;w;3
1;Guntram;m;3
1;Gerda;w;3
1;Hans-Jürgen;m;3
1;Gisela;w;3
1;Hennig;m;3
1;Hazel;w;3
1;Henning;m;3
1;Heidrun;w;3
1;Henri;m;3
1;Helga;w;3
1;Hermann;m;3
1;Henriette;w;3
1;Hervé;m;3
1;Hermine;w;3
1;Ho;m;3
1;Hildegard;w;3
1;Horst;m;3
1;Hope;w;3
1;Houndstooth;m;3
1;Huberta;w;3
1;Ibrahim;m;3
1;Ida;w;3
1;Ignaz;m;3
1;Illa;w;3
1;Ilman;m;3
1;Irena;w;3
1;Isaia;m;3
1;Irene;w;3
1;Jaafar;m;3
1;Isabel;w;3
1;Jakob;m;3
1;Isabella;w;3
1;Jamal;m;3
1;Juli;w;3
1;Jassim;m;3
1;Juliana;w;3
1;Jayden;m;3
1;Jun;w;3
1;Joachim;m;3
1;Kalinka;w;3
1;Julian;m;3
1;Karen;w;3
1;Kaan;m;3
1;Karin;w;3
1;Kadir;m;3
1;Karla;w;3
1;Karsten;m;3
1;Katharina;w;3
1;Kasimir;m;3
1;Khaled;w;3
1;Kemo;m;3
1;Khilla;w;3
1;Khaled;m;3
1;Laurence;w;3
1;Khudhur;m;3
1;Lennox;w;3
1;Kin;m;3
1;Leona;w;3
1;Klausjürgen;m;3
1;Lerke;w;3
1;Knut;m;3
1;Leur;w;3
1;Kofi;m;3
1;Liane;w;3
1;Kol;m;3
1;Lieselotte;w;3
1;Komugisha;m;3
1;Lili;w;3
1;Kwame;m;3
1;Liliane;w;3
1;Lazar;m;3
1;Linoy;w;3
1;Leandro;m;3
1;Lisbeth;w;3
1;Leo;m;3
1;Liv;w;3
1;Leon;m;3
1;Liya;w;3
1;Leonhard;m;3
1;Lotta;w;3
1;Leonidas;m;3
1;Lotte;w;3
1;Levi;m;3
1;Lotti;w;3
1;Levin;m;3
1;Lou;w;3
1;Levon;m;3
1;Lulu;w;3
1;Li;m;3
1;Luz;w;3
1;Linus;m;3
1;Lynn;w;3
1;Lion;m;3
1;Maayan;w;3
1;Lior;m;3
1;Mae;w;3
1;Louis;m;3
1;Magdalene;w;3
1;Luc;m;3
1;Mai;w;3
1;Ludwig;m;3
1;Manuela;w;3
1;Luke;m;3
1;Margarete;w;3
1;MacMullin;m;3
1;Marianne;w;3
1;Mako;m;3
1;Marlene;w;3
1;Mali;m;3
1;Marta;w;3
1;Marcin;m;3
1;Matilda;w;3
1;Mats;m;3
1;Mehri;w;3
1;Matthias;m;3
1;Meliha;w;3
1;Maurice;m;3
1;Meribel;w;3
1;Maxim;m;3
1;Meryem;w;3
1;Maximilian;m;3
1;Meta;w;3
1;Maxin;m;3
1;Mia;w;3
1;Maxwell;m;3
1;Michaela;w;3
1;Merlin;m;3
1;Michèle;w;3
1;Michel;m;3
1;Mimmi;w;3
1;Mika;m;3
1;Minh;w;3
1;Miran;m;3
1;Mira;w;3
1;Moeed;m;3
1;Mohammed;w;3
1;Momin;m;3
1;Mozok;w;3
1;Moritz;m;3
1;Nanz;w;3
1;Musbah;m;3
1;Nejiba;w;3
1;Mustafa;m;3
1;Nelly;w;3
1;Naim;m;3
1;Nermin;w;3
1;Nathanael;m;3
1;Nezihe;w;3
1;Neo;m;3
1;Nicole;w;3
1;Nikolaus;m;3
1;Norma;w;3
1;Nils;m;3
1;Odette;w;3
1;Oluwaseun;m;3
1;Olia;w;3
1;Oreoluwa;m;3
1;Olsen;w;3
1;Oscar;m;3
1;Opoku;w;3
1;Otto;m;3
1;Othman;w;3
1;Patrick;m;3
1;Ottilie;w;3
1;Philipp;m;3
1;Philippa;w;3
1;Po-Lum;m;3
1;Piracha;w;3
1;Quirin;m;3
1;Rakete;w;3
1;Rainer;m;3
1;Raphaela;w;3
1;Raphael;m;3
1;Rauda;w;3
1;Rasputin;m;3
1;Reyna;w;3
1;Richard;m;3
1;Riley;w;3
1;Riku;m;3
1;Robyn;w;3
1;Ringo;m;3
1;Rosalie;w;3
1;Rock;m;3
1;Rose;w;3
1;Roland;m;3
1;Royem;w;3
1;Rollo;m;3
1;Ruth;w;3
1;Roug;m;3
1;Ruža;w;3
1;Rufino;m;3
1;Sabine;w;3
1;Ruiz;m;3
1;Salah;w;3
1;Secundus;m;3
1;Silke;w;3
1;Skyler;m;3
1;Simone;w;3
1;Son;m;3
1;Sóley;w;3
1;St;m;3
1;Taoran;w;3
1;Sven;m;3
1;Theodora;w;3
1;Theodor;m;3
1;Theresia;w;3
1;Thore;m;3
1;Tomie;w;3
1;Tifu;m;3
1;Tram;w;3
1;Ullrich;m;3
1;Trudi;w;3
1;Van;m;3
1;Ursula;w;3
1;Vere;m;3
1;Valentina;w;3
1;Viserion;m;3
1;Van;w;3
1;Wendelin;m;3
1;Vivien;w;3
1;Wilfried;m;3
1;Wolke;w;3
1;Wilhelm;m;3
1;Yamna;w;3
1;William;m;3
1;Yolanti;w;3
1;Xaver;m;3
1;Yuna;w;3
1;Yilin;m;3
1;Yuni;w;3
1;Yuno;m;3
1;Zazie;w;3
1;Zoé;w;3
1;Áine;w;3
1;Aaliya;w;2
1;Aamina;w;2
1;Abdulmohsen;w;2
1;Abigaela;w;2
1;Abigail;w;2
1;Adaeze;w;2
1;Adaja;w;2
1;Adalya;w;2
1;Adiyiah;w;2
1;Aenne;w;2
1;Aferdita;w;2
1;Afrodita;w;2
1;Agnes;w;2
1;Agyeiwaah;w;2
1;Aisha;w;2
1;Aitana;w;2
1;Akžolovna;w;2
1;Alba;w;2
1;Aleksandra;w;2
1;Aleksandrovna;w;2
1;Alexandrovna;w;2
1;Alice;w;2
1;Aline;w;2
1;Alisa;w;2
1;Aliya;w;2
1;Aliyah;w;2
1;Aari;m;2
1;Aliye;w;2
1;Aaron;m;2
1;Amara;w;2
1;Abdul-Karim;m;2
1;Amma;w;2
1;Abduljaleel;m;2
1;An;w;2
1;Abdurrahman;m;2
1;Anahi;w;2
1;Abedin;m;2
1;Ananda;w;2
1;Ada;m;2
1;Anastasia;w;2
1;Adam;m;2
1;Anastazja;w;2
1;Adem;m;2
1;Anatolia;w;2
1;Adonis;m;2
1;Anaïs;w;2
1;Adriel;m;2
1;Andrada;w;2
1;Agbanbilla;m;2
1;Angelova;w;2
1;Ahmed;m;2
1;Anh;w;2
1;Aiden;m;2
1;Anja;w;2
1;Akim;m;2
1;Anni;w;2
1;Akin;m;2
1;Anori;w;2
1;Aksay;m;2
1;Anouk;w;2
1;Aleksa;m;2
1;Anousha;w;2
1;Alessandro;m;2
1;Antonie;w;2
1;Alex;m;2
1;Antonina;w;2
1;Alexandro;m;2
1;Araya;w;2
1;Alfons;m;2
1;Argiro;w;2
1;Alim;m;2
1;Ariane;w;2
1;Alistair;m;2
1;Arwen;w;2
1;Allen;m;2
1;Arya;w;2
1;Alois;m;2
1;Asalet;w;2
1;Altay;m;2
1;Asli;w;2
1;Altaïr;m;2
1;Aslin;w;2
1;Alua;m;2
1;Asya;w;2
1;Alva;m;2
1;Athanasia;w;2
1;Amador;m;2
1;Awasiri;w;2
1;Amaru;m;2
1;Axelle;w;2
1;Amaury;m;2
1;Ayana;w;2
1;Amir;m;2
1;Aykhan;w;2
1;Amiram;m;2
1;Aylin;w;2
1;Amissah;m;2
1;Aysel;w;2
1;Amr;m;2
1;Azeb;w;2
1;An;m;2
1;Aziza;w;2
1;Anatol;m;2
1;Azizeh;w;2
1;Andre;m;2
1;Bahar;w;2
1;Andres;m;2
1;Bamike;w;2
1;André-Peter;m;2
1;Bao;w;2
1;Angelo;m;2
1;Bao-Boi;w;2
1;Antoine;m;2
1;Barika;w;2
1;Apollo;m;2
1;Bea;w;2
1;Arafat;m;2
1;Beate;w;2
1;Arda;m;2
1;Belinay;w;2
1;Ari;m;2
1;Beliz;w;2
1;Arian;m;2
1;Bella;w;2
1;Aris;m;2
1;Belle;w;2
1;Arjen;m;2
1;Bernadetta;w;2
1;Armando;m;2
1;Bettina;w;2
1;Arnim;m;2
1;Betül;w;2
1;Artus;m;2
1;Blake;w;2
1;Arun;m;2
1;Borislavova;w;2
1;Asiedu;m;2
1;Božana;w;2
1;Athis;m;2
1;Brigitte;w;2
1;Atréju;m;2
1;Bénédicte;w;2
1;Attila;m;2
1;Camie;w;2
1;Augustin;m;2
1;Camila;w;2
1;Augusto;m;2
1;Camille;w;2
1;Aurel;m;2
1;Canan;w;2
1;Axel;m;2
1;Carla;w;2
1;Aydan;m;2
1;Carmen;w;2
1;Ayden;m;2
1;Cassandra;w;2
1;Ayevbeosa;m;2
1;Catalina;w;2
1;Ayvaz;m;2
1;Catharina;w;2
1;Azem;m;2
1;Catherine;w;2
1;Azim;m;2
1;Catriona;w;2
1;Babacar;m;2
1;Charlotta;w;2
1;Badra;m;2
1;Chenoa;w;2
1;Baha;m;2
1;Chidera;w;2
1;Bailo;m;2
1;Christa;w;2
1;Balthasar;m;2
1;Christel;w;2
1;Balu;m;2
1;Christin;w;2
1;Barlas;m;2
1;Citlalli;w;2
1;Barnabas;m;2
1;Clement;w;2
1;Barne;m;2
1;Clementine;w;2
1;Barthold;m;2
1;Cleo;w;2
1;Beat;m;2
1;Coco;w;2
1;Behran;m;2
1;Constanzia;w;2
1;Bella;m;2
1;Cosima;w;2
1;Beniamin;m;2
1;Damkjær;w;2
1;Benito;m;2
1;Daniela;w;2
1;Bennet;m;2
1;Daphne;w;2
1;Benno;m;2
1;Day;w;2
1;Berlin;m;2
1;Dayana;w;2
1;Berni;m;2
1;de;w;2
1;Blu;m;2
1;Denise;w;2
1;Boakye;m;2
1;Deren;w;2
1;Bobco;m;2
1;Desiree;w;2
1;Boris;m;2
1;Devi;w;2
1;Bosco;m;2
1;Diamonda;w;2
1;Bosse;m;2
1;Diana;w;2
1;Boy;m;2
1;Dila;w;2
1;Brent;m;2
1;Dilek;w;2
1;Bryden;m;2
1;Dina;w;2
1;Burak;m;2
1;Djamila;w;2
1;Béla;m;2
1;Djeneba;w;2
1;Caio;m;2
1;Ebba;w;2
1;Caius;m;2
1;Eda;w;2
1;Camille;m;2
1;Ela;w;2
1;Caner;m;2
1;Elaine;w;2
1;Carlos;m;2
1;Eleonora;w;2
1;Carol;m;2
1;Elfi;w;2
1;Carsten;m;2
1;Elfida;w;2
1;Cassian;m;2
1;Elina;w;2
1;Cem;m;2
1;Eline;w;2
1;Charlie;m;2
1;Elissa;w;2
1;Chathura;m;2
1;Eliza;w;2
1;Christian;m;2
1;Elizabet;w;2
1;Christoph;m;2
1;Elora;w;2
1;Christophe;m;2
1;Else;w;2
1;Cinar;m;2
1;Emelie;w;2
1;Claas;m;2
1;Emiliele;w;2
1;Connor;m;2
1;Emilova;w;2
1;Cooper;m;2
1;Emily;w;2
1;Cristiano;m;2
1;Emilya;w;2
1;Curtis;m;2
1;Emine;w;2
1;Davi;m;2
1;Enisa;w;2
1;Daya;m;2
1;Eseosa;w;2
1;Deepak;m;2
1;Esma;w;2
1;Dejan;m;2
1;Ester;w;2
1;Denis;m;2
1;Eva;w;2
1;Denisovič;m;2
1;Evangeline;w;2
1;Deniz;m;2
1;Evelin;w;2
1;Despot;m;2
1;Evgen'evna;w;2
1;Deyanov;m;2
1;Evin;w;2
1;Dickson;m;2
1;Ewelina;w;2
1;Diego;m;2
1;Eyla;w;2
1;Dillan;m;2
1;Eyleen;w;2
1;Dingli;m;2
1;Fadia;w;2
1;Dino;m;2
1;Fae;w;2
1;Diokine;m;2
1;Faith-Victoria;w;2
1;Dion;m;2
1;Fanny;w;2
1;Dix;m;2
1;Farina;w;2
1;Djibril;m;2
1;Fatme;w;2
1;Dmitrievič;m;2
1;Fatou;w;2
1;Dominic;m;2
1;Fatu;w;2
1;Duc;m;2
1;Fausta;w;2
1;Duong;m;2
1;Feline;w;2
1;Durmuş;m;2
1;Feyza;w;2
1;Dušan;m;2
1;Filiz;w;2
1;Dzhem;m;2
1;Fiora;w;2
1;Edin;m;2
1;Florentina;w;2
1;Ediz;m;2
1;Fordjour;w;2
1;Edmund;m;2
1;Franczeska;w;2
1;Edo;m;2
1;Franziska;w;2
1;Eduard;m;2
1;Françoise;w;2
1;Egbert;m;2
1;Frederike;w;2
1;Ege;m;2
1;Frida;w;2
1;Eghosa;m;2
1;Förn;w;2
1;Egon;m;2
1;Gamal;w;2
1;Eiko;m;2
1;Gemme;w;2
1;Ekinci;m;2
1;Gerdis;w;2
1;El;m;2
1;Gerti;w;2
1;Elia;m;2
1;Gili;w;2
1;Elija;m;2
1;Gisela;w;2
1;Elliot;m;2
1;Giulia;w;2
1;Emanuel;m;2
1;Giuliana;w;2
1;Emanuele;m;2
1;Guidaí;w;2
1;Emile;m;2
1;Gülüzar;w;2
1;Emmanuel;m;2
1;Gülşen;w;2
1;Emre;m;2
1;Haeri;w;2
1;Emíl;m;2
1;Halima;w;2
1;Engin;m;2
1;Hannah;w;2
1;Enno;m;2
1;Harpa;w;2
1;Enrico;m;2
1;Harriet;w;2
1;Ensar;m;2
1;Hatice;w;2
1;Erdem;m;2
1;Hawa;w;2
1;Erel;m;2
1;Hayate;w;2
1;Eric;m;2
1;Hazal;w;2
1;Ernest;m;2
1;Hedda;w;2
1;Ertuğrul;m;2
1;Hedi;w;2
1;Erwin;m;2
1;Heidi;w;2
1;Eryk;m;2
1;Henni;w;2
1;Etienne;m;2
1;Hermine;w;2
1;Evan;m;2
1;Hilda;w;2
1;Evrin;m;2
1;Hilde;w;2
1;Fadhl;m;2
1;Hildegard;w;2
1;Farah;m;2
1;Hille;w;2
1;Faruk;m;2
1;Hinke;w;2
1;Fayez;m;2
1;Hippolyte;w;2
1;Federico;m;2
1;Hira;w;2
1;Ferdi;m;2
1;Hope;w;2
1;Feyyaz;m;2
1;Huda;w;2
1;Fidel;m;2
1;Hélène;w;2
1;Filip;m;2
1;İkra;w;2
1;Filipe;m;2
1;Ilaria;w;2
1;Finnian;m;2
1;Ilona;w;2
1;Finnjo;m;2
1;Ilvie;w;2
1;Firat;m;2
1;Imana;w;2
1;Fitzroy;m;2
1;Ina;w;2
1;Florin;m;2
1;Inge;w;2
1;Floyd;m;2
1;Ingi;w;2
1;Foriben;m;2
1;İrmak;w;2
1;Fotini;m;2
1;Isabell;w;2
1;Francesco;m;2
1;Isioma;w;2
1;Franciszek;m;2
1;Isra;w;2
1;Frankie;m;2
1;Iva;w;2
1;Fred;m;2
1;Ivana;w;2
1;Frederic;m;2
1;Izabella;w;2
1;Friedel;m;2
1;Jaeeun;w;2
1;Frieder;m;2
1;Jamie;w;2
1;Friedhelm;m;2
1;Janelle;w;2
1;Friedo;m;2
1;Janika;w;2
1;Friedolin;m;2
1;Janina;w;2
1;Frédéric;m;2
1;Janine;w;2
1;Furkan;m;2
1;Jantina;w;2
1;Gardner;m;2
1;Jara;w;2
1;Georgiev;m;2
1;Jeanett;w;2
1;Gerd;m;2
1;Jelena;w;2
1;Gerhard;m;2
1;Jessica;w;2
1;Gert;m;2
1;Jina;w;2
1;Ghassan;m;2
1;Joela;w;2
1;Gian;m;2
1;Johanne;w;2
1;Gilbert;m;2
1;Jolanta;w;2
1;Gioele;m;2
1;Jolene;w;2
1;Giulio;m;2
1;Jolie;w;2
1;Giuseppe;m;2
1;Josefien;w;2
1;Glyn;m;2
1;Josefiina;w;2
1;Godwin;m;2
1;Josephin;w;2
1;Gorden;m;2
1;Joy;w;2
1;Gottfried;m;2
1;Judy;w;2
1;Gregoire;m;2
1;Juli;w;2
1;Gregor;m;2
1;Juliette;w;2
1;Grk;m;2
1;Jördis;w;2
1;Gundolf;m;2
1;Kadije;w;2
1;Güneş;m;2
1;Kady;w;2
1;Gürkan;m;2
1;Kaede;w;2
1;Halfdan;m;2
1;Kaja;w;2
1;Halis;m;2
1;Kalina;w;2
1;Halit;m;2
1;Kalsoom;w;2
1;Hamid;m;2
1;Kamila;w;2
1;Hamitali;m;2
1;Kamilla;w;2
1;Hammad;m;2
1;Kamle;w;2
1;Hamze;m;2
1;Karam;w;2
1;Han;m;2
1;Karin;w;2
1;Hans;m;2
1;Karl;w;2
1;Harro;m;2
1;Karla;w;2
1;Hasan;m;2
1;Karolina;w;2
1;Hassan;m;2
1;Kiana;w;2
1;Hayatu;m;2
1;Kiina;w;2
1;Hazar;m;2
1;Kimani;w;2
1;He;m;2
1;Kirillovna;w;2
1;Hector;m;2
1;Kirsten;w;2
1;Heiner;m;2
1;Kit-Man;w;2
1;Hektor;m;2
1;Klara;w;2
1;Henrich;m;2
1;Knold;w;2
1;Hermann;m;2
1;Konny;w;2
1;Hieu;m;2
1;Lana;w;2
1;Hoang;m;2
1;Larin;w;2
1;Hopeton;m;2
1;Laura;w;2
1;Hosea;m;2
1;Layale;w;2
1;Hossein;m;2
1;Layali;w;2
1;Hristo;m;2
1;Lee;w;2
1;Husein;m;2
1;Leefke;w;2
1;Hušbahtovič;m;2
1;Leela;w;2
1;Hygo;m;2
1;Leili;w;2
1;Ian;m;2
1;Lekam;w;2
1;Ibrahim;m;2
1;Leni;w;2
1;Idris;m;2
1;Lenù;w;2
1;Idrissou;m;2
1;Leo;w;2
1;Ignacy;m;2
1;Leona;w;2
1;Ilarie;m;2
1;Leto;w;2
1;Ilias;m;2
1;Leylani;w;2
1;Ilija;m;2
1;Li;w;2
1;Ilja;m;2
1;Liane;w;2
1;Inan;m;2
1;Libby;w;2
1;Ionut;m;2
1;Lidia;w;2
1;Iosiv;m;2
1;Lielle;w;2
1;Ipsa;m;2
1;Lieselotte;w;2
1;Isa;m;2
1;Ligia;w;2
1;Isaak;m;2
1;Lila;w;2
1;Isadore;m;2
1;Liliana;w;2
1;Isaias;m;2
1;Liliane;w;2
1;Israel;m;2
1;Lillian;w;2
1;Ivan;m;2
1;Lin;w;2
1;Ivano;m;2
1;Line;w;2
1;Iyad;m;2
1;Linnea;w;2
1;Jacob;m;2
1;Linnéa;w;2
1;Jaden;m;2
1;Lisa;w;2
1;Jakub;m;2
1;Lisbet;w;2
1;Jamiro;m;2
1;Lise;w;2
1;Jannik;m;2
1;Liselotte;w;2
1;Jano;m;2
1;Liyan;w;2
1;Jaron;m;2
1;Loan;w;2
1;Jaroslav;m;2
1;Lorea;w;2
1;Jay;m;2
1;Lorenza;w;2
1;Jaylen;m;2
1;Lorna;w;2
1;Jeppe;m;2
1;Lotta;w;2
1;Jeremia;m;2
1;Lowri;w;2
1;Jeremy;m;2
1;Lu;w;2
1;Jerrik;m;2
1;Luca;w;2
1;Jesper;m;2
1;Luce;w;2
1;Jim;m;2
1;Luceh;w;2
1;Jimi;m;2
1;Lucienne;w;2
1;Jin-Su;m;2
1;Lucy;w;2
1;Joe;m;2
1;Luiza;w;2
1;Johan;m;2
1;Lulu;w;2
1;Joka;m;2
1;Lum;w;2
1;Jonte;m;2
1;Lumi;w;2
1;Jordan;m;2
1;Lunia;w;2
1;Jordi;m;2
1;Lupine;w;2
1;Jovan;m;2
1;Luzia;w;2
1;Jozef;m;2
1;Luzie;w;2
1;Junes;m;2
1;Lynn;w;2
1;Jung;m;2
1;Lóa;w;2
1;Junior;m;2
1;Mackay;w;2
1;Kaare;m;2
1;Madalena;w;2
1;Kabalan;m;2
1;Maesariwau;w;2
1;Kadir;m;2
1;Magarethe;w;2
1;Kaladar;m;2
1;Mahal;w;2
1;Kalino;m;2
1;Mahalia;w;2
1;Kane;m;2
1;Mai;w;2
1;Kaos;m;2
1;Maira;w;2
1;Karam;m;2
1;Maisie;w;2
1;Karlsson;m;2
1;Maitreyi;w;2
1;Kauri;m;2
1;Malena;w;2
1;Kea;m;2
1;Malie;w;2
1;Kenan;m;2
1;Malini;w;2
1;Kendal;m;2
1;Malisa;w;2
1;Kenji;m;2
1;Mandica;w;2
1;Kerem;m;2
1;Margaretha;w;2
1;Kevin;m;2
1;Mari;w;2
1;Keyhan;m;2
1;Marianne;w;2
1;Khai;m;2
1;Marie-Luise;w;2
1;Khôi;m;2
1;Marielle;w;2
1;Kim;m;2
1;Marijne;w;2
1;Klaas;m;2
1;Marika;w;2
1;Kolja;m;2
1;Mariluz;w;2
1;Konstantin;m;2
1;Marion;w;2
1;Konstanty;m;2
1;Marisol;w;2
1;Kostadinov;m;2
1;Mariya;w;2
1;Krister;m;2
1;Marla;w;2
1;Kristian;m;2
1;Marleen;w;2
1;Kun;m;2
1;Marlen;w;2
1;Kuno;m;2
1;Marlena;w;2
1;Laith;m;2
1;Marlies;w;2
1;Lamer;m;2
1;Mary-Ann;w;2
1;Laris;m;2
1;Maryam;w;2
1;Laser;m;2
1;Masha;w;2
1;Lat;m;2
1;Matea;w;2
1;Lativ;m;2
1;Mateja;w;2
1;Laurean;m;2
1;Matilde;w;2
1;Laurent;m;2
1;Maxime;w;2
1;Lauri;m;2
1;Maximovna;w;2
1;Laurin;m;2
1;May;w;2
1;Le;m;2
1;Maé;w;2
1;Leago;m;2
1;Małgorzata;w;2
1;Lean;m;2
1;Medina;w;2
1;Leandro;m;2
1;Medine;w;2
1;Leano;m;2
1;Melek;w;2
1;Lecheng;m;2
1;Melina;w;2
1;Lee;m;2
1;Melisa;w;2
1;Lennert;m;2
1;Menou;w;2
1;Leonas;m;2
1;Mercedes;w;2
1;Leonhardt;m;2
1;Merit;w;2
1;Leonidas;m;2
1;Mesati;w;2
1;Leto;m;2
1;Metaya;w;2
1;Letura;m;2
1;Michal;w;2
1;Lias;m;2
1;Mie;w;2
1;Lieuwe;m;2
1;Mifuyu;w;2
1;Liljar;m;2
1;Mija;w;2
1;Lillebror;m;2
1;Milagros;w;2
1;Lino;m;2
1;Milla;w;2
1;Linus;m;2
1;Mimi;w;2
1;Lior;m;2
1;Mimosa;w;2
1;Liyan;m;2
1;Minnie;w;2
1;Lore;m;2
1;Minou;w;2
1;Lothar;m;2
1;Mireille;w;2
1;Louie;m;2
1;Moana;w;2
1;Lounis;m;2
1;Mohammed;w;2
1;Loutong;m;2
1;Mona;w;2
1;Lowis;m;2
1;Mukwanga;w;2
1;Lucio;m;2
1;Munaza;w;2
1;Lucky;m;2
1;Mundher;w;2
1;Ludmil;m;2
1;Murtaza;w;2
1;Ludwik;m;2
1;Muyan;w;2
1;Luigi;m;2
1;Mây;w;2
1;Luke;m;2
1;Münire;w;2
1;Léandre;m;2
1;Naemi;w;2
1;Léon;m;2
1;Nalani;w;2
1;Maciej;m;2
1;Nalini;w;2
1;Maddox;m;2
1;Nanayaa;w;2
1;Madiba;m;2
1;Naomi;w;2
1;Mael;m;2
1;Nare;w;2
1;Mahadeva;m;2
1;Nas;w;2
1;Mahamud;m;2
1;Nayla;w;2
1;Malek;m;2
1;Naz;w;2
1;Maliq;m;2
1;Nazmiye;w;2
1;Malou;m;2
1;Ndongwa;w;2
1;Mandjou;m;2
1;Nediljka;w;2
1;Manfred;m;2
1;Neela;w;2
1;Manil;m;2
1;Neele;w;2
1;Marcus;m;2
1;Nefeli;w;2
1;Mario;m;2
1;Nele;w;2
1;Marko;m;2
1;Neomé;w;2
1;Marlon;m;2
1;Nermin;w;2
1;Marten;m;2
1;Neyla;w;2
1;Marvyn;m;2
1;Ngom;w;2
1;Marzuk;m;2
1;Nicole;w;2
1;Mateo;m;2
1;Niku;w;2
1;Matthieu;m;2
1;Nilay;w;2
1;Maurice;m;2
1;Nina;w;2
1;Maurizio;m;2
1;Ning;w;2
1;Maxime;m;2
1;Niobel;w;2
1;Maximus;m;2
1;Nkem;w;2
1;Maxwell;m;2
1;Noa;w;2
1;Mehmed;m;2
1;Noelle;w;2
1;Meilow;m;2
1;Nor;w;2
1;Melchior;m;2
1;Noura;w;2
1;Merlin;m;2
1;Nova;w;2
1;Michał;m;2
1;Noée;w;2
1;Miguel;m;2
1;Nuria;w;2
1;Mihai;m;2
1;Nurit;w;2
1;Mihailo;m;2
1;Nyamekye;w;2
1;Mihajlo;m;2
1;Obioma;w;2
1;Mihajlovič;m;2
1;Odum;w;2
1;Miika;m;2
1;Olympia;w;2
1;Mikel;m;2
1;Ophelia;w;2
1;Milas;m;2
1;Orla;w;2
1;Milo;m;2
1;Oruç;w;2
1;Min-Ho;m;2
1;Palina;w;2
1;Minko;m;2
1;Paloma;w;2
1;Miodrag;m;2
1;Pari;w;2
1;Mircea;m;2
1;Parla;w;2
1;Miroslaw;m;2
1;Paulin;w;2
1;Mo;m;2
1;Petyova;w;2
1;Moe;m;2
1;Philin;w;2
1;Mohamad;m;2
1;Philippa;w;2
1;Mohamed;m;2
1;Phoebe;w;2
1;Mohammad;m;2
1;Phương;w;2
1;Momik;m;2
1;Pia;w;2
1;Moritz;m;2
1;Polly;w;2
1;Moshe;m;2
1;Priscila;w;2
1;Mostafa;m;2
1;Puma;w;2
1;Moustapha;m;2
1;Radojka;w;2
1;Mu;m;2
1;Rae;w;2
1;Murat;m;2
1;Rafaela;w;2
1;Mustafa;m;2
1;Raissa;w;2
1;Mustafov;m;2
1;Rakela;w;2
1;Nael;m;2
1;Raketa;w;2
1;Nakoa;m;2
1;Rao;w;2
1;Narun;m;2
1;Raquel;w;2
1;Nasar;m;2
1;Rassoul;w;2
1;Nathan;m;2
1;Ratiba;w;2
1;Navid;m;2
1;Ray;w;2
1;Nedrel;m;2
1;Rebecca;w;2
1;Nedzad;m;2
1;Reddy;w;2
1;Neemia;m;2
1;Rima;w;2
1;Neil;m;2
1;Roberta;w;2
1;Neoklis;m;2
1;Robin;w;2
1;Neye;m;2
1;Rosa-Marie;w;2
1;Nicko;m;2
1;Rosemarie;w;2
1;Nicolai;m;2
1;Rosemary;w;2
1;Nicolino;m;2
1;Roxana;w;2
1;Nicóla;m;2
1;Rubi;w;2
1;Nikola;m;2
1;Ruby;w;2
1;Nikolai;m;2
1;Ruth;w;2
1;Nikolaos;m;2
1;Róise;w;2
1;Nikolas;m;2
1;Sabally;w;2
1;Nikolaus;m;2
1;Sabine;w;2
1;Nilas;m;2
1;Sadat;w;2
1;Nima;m;2
1;Safiye;w;2
1;Noa;m;2
1;Sahra;w;2
1;Norbert;m;2
1;Sajid;w;2
1;Norman;m;2
1;Saliha;w;2
1;Noyan;m;2
1;Salimatou;w;2
1;Nu-Ri;m;2
1;Sanjarovna;w;2
1;Nye;m;2
1;Saphira;w;2
1;Ocean;m;2
1;Sare;w;2
1;Ola;m;2
1;Sari;w;2
1;Olamiposi;m;2
1;Sasha;w;2
1;Olivéro;m;2
1;Sayen;w;2
1;Olmo;m;2
1;Schama;w;2
1;Or;m;2
1;Selene;w;2
1;Osaro;m;2
1;Selima;w;2
1;Osatoanmwen;m;2
1;Selma;w;2
1;Osayantin;m;2
1;Sema;w;2
1;Osei;m;2
1;Sena;w;2
1;Osmar;m;2
1;Senait;w;2
1;Oswald;m;2
1;Seraphina;w;2
1;Othman;m;2
1;Sereia;w;2
1;Otis;m;2
1;Sergeyova;w;2
1;Otso;m;2
1;Serra;w;2
1;Ozan;m;2
1;Setareh;w;2
1;Pablo;m;2
1;Seteyana;w;2
1;Paolo;m;2
1;Sevdalinova;w;2
1;Paranyu;m;2
1;Sevdiye;w;2
1;Pascal;m;2
1;Seyran;w;2
1;Paule;m;2
1;Sheyma;w;2
1;Paulus;m;2
1;Shima;w;2
1;Pavlov;m;2
1;Shylaja;w;2
1;Paweł;m;2
1;Sierra;w;2
1;Pekka;m;2
1;Signe;w;2
1;Peng;m;2
1;Silvia;w;2
1;Phileas;m;2
1;Simeonova;w;2
1;Phoenix;m;2
1;Simone;w;2
1;Phong;m;2
1;Sina;w;2
1;Pierre;m;2
1;Skadi;w;2
1;Prabhjeet;m;2
1;Skylar;w;2
1;Prodanov;m;2
1;Slavyanova;w;2
1;Puck;m;2
1;Smilla;w;2
1;Qalbe;m;2
1;Sofía;w;2
1;Qi;m;2
1;Sokhna;w;2
1;Quin;m;2
1;Sonia;w;2
1;Quinton;m;2
1;Sonja;w;2
1;Qureshi;m;2
1;Soophie;w;2
1;Raban;m;2
1;Stanka;w;2
1;Rabee;m;2
1;Stefanie;w;2
1;Rai;m;2
1;Stoychova;w;2
1;Raj;m;2
1;Suma;w;2
1;Ramez;m;2
1;Summer;w;2
1;Raphael;m;2
1;Suna;w;2
1;Raphaël;m;2
1;Susann;w;2
1;Rassul;m;2
1;Susanna;w;2
1;Ray;m;2
1;Sybell;w;2
1;Raymond;m;2
1;Ségolène;w;2
1;Reddy;m;2
1;Tahaa;w;2
1;Remus;m;2
1;Talia;w;2
1;Ricardo;m;2
1;Taliha;w;2
1;Richard;m;2
1;Tamar;w;2
1;Rico;m;2
1;Tasnim;w;2
1;Rio;m;2
1;Teresa;w;2
1;River;m;2
1;Tess;w;2
1;Robert;m;2
1;Tetiana;w;2
1;Roderich;m;2
1;Thabea;w;2
1;Roger;m;2
1;Thao;w;2
1;Roland;m;2
1;Theodora;w;2
1;Ronald;m;2
1;Theresa;w;2
1;Rumi;m;2
1;Theresia;w;2
1;Rémi;m;2
1;Tianai;w;2
1;Rüdiger;m;2
1;Tiara;w;2
1;Sadik;m;2
1;Tilda;w;2
1;Saed;m;2
1;Trinidad;w;2
1;Said;m;2
1;Tuana;w;2
1;Saim;m;2
1;Uil'âmovna;w;2
1;Salah;m;2
1;Ulrika;w;2
1;Saleem;m;2
1;Umeima;w;2
1;Saleh;m;2
1;Umi;w;2
1;Salih;m;2
1;Ursula;w;2
1;Salvatore;m;2
1;Ute;w;2
1;Salwan;m;2
1;Vahide;w;2
1;Sam;m;2
1;Valeria;w;2
1;Sampito;m;2
1;Vanessa;w;2
1;Sander;m;2
1;Vedel;w;2
1;Sascha;m;2
1;Vera;w;2
1;Sead;m;2
1;Veronika;w;2
1;Seiya;m;2
1;Vesela;w;2
1;Seong-Ha;m;2
1;Vic;w;2
1;Seong-Jin;m;2
1;Vida;w;2
1;Seyed;m;2
1;Violet;w;2
1;Shawn;m;2
1;Vivienne;w;2
1;Shuichi;m;2
1;Waead;w;2
1;Siddharth;m;2
1;Wakesho;w;2
1;Silas;m;2
1;Wanda;w;2
1;Silias;m;2
1;Weiß;w;2
1;Simon;m;2
1;Wendin;w;2
1;Sky;m;2
1;Wera;w;2
1;Slav;m;2
1;Wiktoria;w;2
1;Sobhan;m;2
1;Winter;w;2
1;Sol;m;2
1;Wolke;w;2
1;Solomon;m;2
1;Xenia;w;2
1;Spencer;m;2
1;Xhensilia;w;2
1;Stanley;m;2
1;Xi;w;2
1;Stefan;m;2
1;Xóchil;w;2
1;Stephanus;m;2
1;Yadigar;w;2
1;Steven;m;2
1;Yasmin;w;2
1;Stylianos;m;2
1;Yaz;w;2
1;Syed;m;2
1;Yazmuhammedovna;w;2
1;Sädiǰar;m;2
1;Yebin;w;2
1;Sær;m;2
1;Yin;w;2
1;Séraphin;m;2
1;Yoki;w;2
1;Sören;m;2
1;Yoko;w;2
1;Taavi;m;2
1;Yousef;w;2
1;Taha;m;2
1;Yuan;w;2
1;Talha;m;2
1;Yukiko;w;2
1;Taro;m;2
1;Yuzuki;w;2
1;Tassilo;m;2
1;Yüsra;w;2
1;Tato;m;2
1;Zadie-Khay;w;2
1;Tayyip;m;2
1;Zaha;w;2
1;Tearikitumoana;m;2
1;Zanina;w;2
1;Teja;m;2
1;Zeyneb;w;2
1;Tekin;m;2
1;Zilan;w;2
1;Thanathon;m;2
1;Zinachidinma;w;2
1;Thees;m;2
1;Zlata;w;2
1;Theodoros;m;2
1;Zoe;w;2
1;Thies;m;2
1;Zoi;w;2
1;Thorben;m;2
1;Émilie;w;2
1;Thorge;m;2
1;Ömrüm;w;2
1;Tillmann;m;2
1;Öykü;w;2
1;Timo;m;2
1;Şikriye;w;2
1;Tomislav;m;2
1;Şura;w;2
1;Tomás;m;2
1;Šanel;w;2
1;Toni;m;2
1;Tonio;m;2
1;Tonmoy;m;2
1;Tonči;m;2
1;Torre;m;2
1;Totgeburt;m;2
1;Trung;m;2
1;Tufan;m;2
1;Tyga;m;2
1;Tyler;m;2
1;Tymon;m;2
1;Tyrone;m;2
1;Ubba;m;2
1;Udo;m;2
1;Ufuk;m;2
1;Uhud;m;2
1;Uraz;m;2
1;Uwe-Robert;m;2
1;Valentine;m;2
1;Valerio;m;2
1;Valeriu;m;2
1;Vanev;m;2
1;Veza;m;2
1;Villum;m;2
1;Vin;m;2
1;Vince;m;2
1;Vitalii;m;2
1;Vito;m;2
1;Vivelin;m;2
1;Wadee;m;2
1;Walter;m;2
1;Werner;m;2
1;Wilko;m;2
1;Willard;m;2
1;William;m;2
1;Wolfgang;m;2
1;Wotan;m;2
1;Yakup;m;2
1;Yan;m;2
1;Yang;m;2
1;Yankinao;m;2
1;Yankov;m;2
1;Yann;m;2
1;Yannis;m;2
1;Yasen;m;2
1;Yasin;m;2
1;Yaw;m;2
1;Yağız;m;2
1;Yaşar;m;2
1;Yeu;m;2
1;Yicheng;m;2
1;Yile;m;2
1;Yilmaz;m;2
1;Yisu;m;2
1;Yorick;m;2
1;Youri;m;2
1;Yousef;m;2
1;Youssef;m;2
1;Yun;m;2
1;Yusef;m;2
1;Yvan;m;2
1;Zachäus;m;2
1;Zaid;m;2
1;Zbigniew;m;2
1;Zenon;m;2
1;Zikomo;m;2
1;Zion;m;2
1;Zorro;m;2
1;Zubeyr;m;2
1;Álvaro;m;2
1;Énael;m;2
1;Ömür;m;2
1;Üsküdar;m;2
1;Đức;m;2
1;Şafak;m;2
1;Şahin;m;2
1;Şervan;m;2
1;Şükrü;m;2
1;Aadhvika;w;1
1;Aaliyah;w;1
1;Abril;w;1
1;Adele;w;1
1;Adelina;w;1
1;Adelisa;w;1
1;Adelya;w;1
1;Adile;w;1
1;Adisya;w;1
1;Aelia;w;1
1;Aadvik;m;1
1;Aelish;w;1
1;Aadyan;m;1
1;Aelyn;w;1
1;Aaron-Miroslav;m;1
1;Afriyie;w;1
1;Aatos;m;1
1;Afrona;w;1
1;Aayush;m;1
1;Agata;w;1
1;Abbas;m;1
1;Agrin;w;1
1;Abbe;m;1
1;Ahunaz;w;1
1;Abd;m;1
1;Aila;w;1
1;Abdelmalek;m;1
1;Aisha;w;1
1;Abdul;m;1
1;Aishatou;w;1
1;Abdul-Melik;m;1
1;Aivi;w;1
1;Abdulhafiz;m;1
1;Ajlin;w;1
1;Abdulhamid;m;1
1;Alaia;w;1
1;Abir;m;1
1;Alamira;w;1
1;Abraham;m;1
1;Alara;w;1
1;Achilleas-Antonios;m;1
1;Alara-Nur;w;1
1;Achim;m;1
1;Alaya;w;1
1;Adan;m;1
1;Alba;w;1
1;Adisa;m;1
1;Ale;w;1
1;Adithya;m;1
1;Alejna;w;1
1;Adrian-Ivar;m;1
1;Aleksandra;w;1
1;Adriël;m;1
1;Alena;w;1
1;Adàm;m;1
1;Alev;w;1
1;Ael;m;1
1;Alexia;w;1
1;Agastyah;m;1
1;Alia-Oanh;w;1
1;Agır;m;1
1;Aliki;w;1
1;Ahad;m;1
1;Alisha;w;1
1;Ahmet;m;1
1;Allumina;w;1
1;Aidan;m;1
1;Ally;w;1
1;Aiden;m;1
1;Almina;w;1
1;Aik;m;1
1;Alva-Amanda;w;1
1;Ajan;m;1
1;Amalie;w;1
1;Akay;m;1
1;Amalija;w;1
1;Akram;m;1
1;Amalja;w;1
1;Aladin;m;1
1;Amanda;w;1
1;Aldo;m;1
1;Amani;w;1
1;Aleksandar;m;1
1;Amany;w;1
1;Aleksei;m;1
1;Amar;w;1
1;Alen;m;1
1;Amayra;w;1
1;Alexandr;m;1
1;Amber;w;1
1;Alexandros;m;1
1;Ameli;w;1
1;Alexei;m;1
1;Amelliya;w;1
1;Alexey;m;1
1;Ami;w;1
1;Alexi;m;1
1;Amna;w;1
1;Alexis;m;1
1;Amra;w;1
1;Alexius;m;1
1;Amrei;w;1
1;Alfie;m;1
1;Amélia;w;1
1;Ali-Almahdi;m;1
1;Anabel;w;1
1;Ali-Kerim;m;1
1;Anabia;w;1
1;Aliyar;m;1
1;Anaisa;w;1
1;Almas;m;1
1;Anastazja;w;1
1;Aloïs;m;1
1;Andra;w;1
1;Alpay;m;1
1;Angela;w;1
1;Alqassim;m;1
1;Anike;w;1
1;Alwin;m;1
1;Anina;w;1
1;Aly;m;1
1;Anja;w;1
1;Alyar;m;1
1;Anjali;w;1
1;Amadeusz;m;1
1;Annabell;w;1
1;Amadou;m;1
1;Annabella;w;1
1;Amgad;m;1
1;Annegret;w;1
1;Amitaï;m;1
1;Annelies;w;1
1;Ammaar;m;1
1;Annemarie;w;1
1;Anas;m;1
1;Annie;w;1
1;Anass;m;1
1;Anor;w;1
1;Andranik;m;1
1;Antea;w;1
1;Andrei;m;1
1;Antonina;w;1
1;André;m;1
1;Anun;w;1
1;Andy;m;1
1;Arcciel;w;1
1;Anfernee;m;1
1;Ardis;w;1
1;Angelos;m;1
1;Aria;w;1
1;Ansgar;m;1
1;Ariane;w;1
1;Antonel;m;1
1;Arielle;w;1
1;Antoni;m;1
1;Artenisa;w;1
1;Anuar;m;1
1;Aruuzat;w;1
1;Arad;m;1
1;Aryn;w;1
1;Aramir;m;1
1;Asel-Nisa;w;1
1;Aran;m;1
1;Asena;w;1
1;Archibald;m;1
1;Asenat;w;1
1;Ardan;m;1
1;Asia;w;1
1;Arden;m;1
1;Asil;w;1
1;Are;m;1
1;Asmahan;w;1
1;Arel;m;1
1;Asmao;w;1
1;Arijan;m;1
1;Asmin;w;1
1;Aristarh;m;1
1;Aud;w;1
1;Arman;m;1
1;Aura;w;1
1;Arno;m;1
1;Aurelie;w;1
1;Arnold;m;1
1;Austėja;w;1
1;Arton;m;1
1;Ava-Leonor;w;1
1;Artus;m;1
1;Avalie;w;1
1;Artyom;m;1
1;Avaşin;w;1
1;Arvin;m;1
1;Avelina;w;1
1;Arwin;m;1
1;Aveline;w;1
1;Ash;m;1
1;Avijot;w;1
1;Ashraf;m;1
1;Avra;w;1
1;Ashton;m;1
1;Ayah;w;1
1;Asim;m;1
1;Ayana;w;1
1;Atdhe;m;1
1;Ayeza;w;1
1;Athisayan;m;1
1;Ayiana;w;1
1;Atlas;m;1
1;Ayleen;w;1
1;Atreju;m;1
1;Aylen;w;1
1;Auguste;m;1
1;Aylin;w;1
1;Augustin;m;1
1;Aymila;w;1
1;Aveer;m;1
1;Ayumi;w;1
1;Avery;m;1
1;Ayça;w;1
1;Aviv;m;1
1;Aziza;w;1
1;Ayan;m;1
1;Azmina;w;1
1;Ayham;m;1
1;Azzurra;w;1
1;Ayman;m;1
1;Bahar;w;1
1;Aymen;m;1
1;Beatrice;w;1
1;Ayoub;m;1
1;Belinay;w;1
1;Aypars;m;1
1;Beril;w;1
1;Azad;m;1
1;Berra;w;1
1;Azariah;m;1
1;Beya;w;1
1;Aziz;m;1
1;Bianca;w;1
1;Azusa;m;1
1;Billie;w;1
1;Azzam;m;1
1;Bissan;w;1
1;Bakr;m;1
1;Blake;w;1
1;Baldur;m;1
1;Bonnie;w;1
1;Balthasar;m;1
1;Byan;w;1
1;Baran;m;1
1;Cara;w;1
1;Barlas;m;1
1;Carla;w;1
1;Barney;m;1
1;Carlina;w;1
1;Bayani;m;1
1;Carmen;w;1
1;Bayu;m;1
1;Carolin;w;1
1;Bedirhan;m;1
1;Caroline;w;1
1;Bele;m;1
1;Catharina;w;1
1;Ben-Nicholas;m;1
1;Cayla;w;1
1;Benayah;m;1
1;Celia;w;1
1;Bendix;m;1
1;Celine;w;1
1;Benjamín;m;1
1;Cella;w;1
1;Benji;m;1
1;Ceyda-Alessia;w;1
1;Bent;m;1
1;Ceylin;w;1
1;Bente;m;1
1;Chanela;w;1
1;Bento;m;1
1;Charlize;w;1
1;Beran;m;1
1;Cheyenne;w;1
1;Berk;m;1
1;Chioma;w;1
1;Bernie;m;1
1;Chloé;w;1
1;Bernát;m;1
1;Cila;w;1
1;Besher;m;1
1;Claudia;w;1
1;Beyar;m;1
1;Clea;w;1
1;Binak;m;1
1;Clelia;w;1
1;Bjarne;m;1
1;Cléo;w;1
1;Bjartur;m;1
1;Coralié;w;1
1;Brayan;m;1
1;Céline;w;1
1;Brian;m;1
1;Daia;w;1
1;Brij;m;1
1;Dalaa;w;1
1;Bryan;m;1
1;Dalila;w;1
1;Bulut;m;1
1;Dalin;w;1
1;Bunja;m;1
1;Dalina;w;1
1;Buğra;m;1
1;Dalya;w;1
1;Béla;m;1
1;Danai;w;1
1;Camille;m;1
1;Dania;w;1
1;Carlos;m;1
1;Daniella;w;1
1;Carlson;m;1
1;Daphna;w;1
1;Casherel;m;1
1;Daphne;w;1
1;Caspa;m;1
1;Daphni;w;1
1;Cassian;m;1
1;Daria;w;1
1;Cayden;m;1
1;Darija;w;1
1;Cemil;m;1
1;Darin;w;1
1;Cengiz;m;1
1;Darya;w;1
1;Cenk;m;1
1;Daryn;w;1
1;Charif;m;1
1;Dea;w;1
1;Charles;m;1
1;Delilah;w;1
1;Cherno;m;1
1;Derin;w;1
1;Chimaobim;m;1
1;Despina;w;1
1;Christopher;m;1
1;Dhriti;w;1
1;Cihan;m;1
1;Diane;w;1
1;Coby;m;1
1;Diara;w;1
1;Colin;m;1
1;Dila;w;1
1;Collins;m;1
1;Dilara;w;1
1;Connor;m;1
1;Dilay;w;1
1;Conrad;m;1
1;Dilruba;w;1
1;Cosmo;m;1
1;Dima;w;1
1;Cumali;m;1
1;Dora;w;1
1;Cyrian;m;1
1;Dua;w;1
1;Damijan;m;1
1;Duygu;w;1
1;Damon;m;1
1;Duyğu;w;1
1;Dane;m;1
1;Ea;w;1
1;Daniyal;m;1
1;Ebrar;w;1
1;Dante;m;1
1;Ecrin;w;1
1;Danyel;m;1
1;Edelgard;w;1
1;Dardan;m;1
1;Eden;w;1
1;Daris;m;1
1;Editha;w;1
1;Dariy;m;1
1;Edna;w;1
1;Darryl;m;1
1;Eflin;w;1
1;Dawin;m;1
1;Efsun;w;1
1;Delijo;m;1
1;Ehmi;w;1
1;Dennis;m;1
1;Eira;w;1
1;Dersim;m;1
1;Elaya;w;1
1;Devid;m;1
1;Eldana;w;1
1;Devin;m;1
1;Eleanore;w;1
1;Dheerav;m;1
1;Eleen;w;1
1;Dhiman;m;1
1;Eleonor;w;1
1;Diaa;m;1
1;Elfi;w;1
1;Dijar;m;1
1;Elfida;w;1
1;Dino;m;1
1;Elia;w;1
1;Dionysios;m;1
1;Eliah;w;1
1;Divine;m;1
1;Elian;w;1
1;Diyar;m;1
1;Elis;w;1
1;Djadi;m;1
1;Eliza;w;1
1;Djamil;m;1
1;Elizan;w;1
1;Domenik;m;1
1;Ella-Louice;w;1
1;Dominic;m;1
1;Ella-Luise;w;1
1;Dominion;m;1
1;Ellen;w;1
1;Don-Issa;m;1
1;Elli;w;1
1;Doğan;m;1
1;Elliana;w;1
1;Dragan;m;1
1;Ellie;w;1
1;Dragos;m;1
1;Ellora;w;1
1;Dragoş;m;1
1;Elmedina;w;1
1;Duc;m;1
1;Elmira;w;1
1;Ede;m;1
1;Elodie;w;1
1;Edion;m;1
1;Elpida;w;1
1;Ediz;m;1
1;Else;w;1
1;Edward;m;1
1;Elysia;w;1
1;Efnan;m;1
1;Emelina;w;1
1;Egon;m;1
1;Emili;w;1
1;Eleasar;m;1
1;Emine;w;1
1;Eli;m;1
1;Emma-Lou;w;1
1;Eliah;m;1
1;Emmi;w;1
1;Eliano;m;1
1;Emmy;w;1
1;Elijah;m;1
1;Emmylou;w;1
1;Elijas;m;1
1;Ena;w;1
1;Elior;m;1
1;Enda;w;1
1;Elmar;m;1
1;Enid;w;1
1;Elon;m;1
1;Enisa;w;1
1;Elvin;m;1
1;Enna;w;1
1;Elvis;m;1
1;Enni;w;1
1;Eman;m;1
1;Enya;w;1
1;Emile;m;1
1;Eresha;w;1
1;Emiliano;m;1
1;Erykah;w;1
1;Emiliyan;m;1
1;Esilya;w;1
1;Emircan;m;1
1;Esmeralda;w;1
1;Emirjon;m;1
1;Esmé;w;1
1;Emmanuel;m;1
1;Esta;w;1
1;Emran;m;1
1;Estelle;w;1
1;Enea;m;1
1;Evanthia;w;1
1;Enhar;m;1
1;Eve;w;1
1;Enjo;m;1
1;Evelina;w;1
1;Enrico;m;1
1;Evelyn;w;1
1;Eren;m;1
1;Evin;w;1
1;Eriz-Can;m;1
1;Eydis;w;1
1;Erman;m;1
1;Eyla;w;1
1;Ersan;m;1
1;Eylül;w;1
1;Ertugrul;m;1
1;Eyvor;w;1
1;Erwin;m;1
1;Eyşan;w;1
1;Eryk;m;1
1;Ezmira-Lawin;w;1
1;Ethan;m;1
1;Fabienne;w;1
1;Etienne;m;1
1;Fadwa;w;1
1;Ettore;m;1
1;Fahmida;w;1
1;Euan;m;1
1;Fanta;w;1
1;Evangelo;m;1
1;Farah;w;1
1;Eyad;m;1
1;Fatmeh;w;1
1;Eyüp;m;1
1;Faye;w;1
1;Ezan;m;1
1;Feli;w;1
1;Eşref;m;1
1;Felicity;w;1
1;Faafetai;m;1
1;Feline;w;1
1;Fadel;m;1
1;Fenja;w;1
1;Fahri;m;1
1;Ferda;w;1
1;Fares;m;1
1;Feyza;w;1
1;Farin;m;1
1;Filia;w;1
1;Faris;m;1
1;Fiènne;w;1
1;Farrel;m;1
1;Florentine;w;1
1;Faryan;m;1
1;Franka;w;1
1;Fatih;m;1
1;Frea;w;1
1;Fayyad;m;1
1;Friedericke;w;1
1;Fiede;m;1
1;Friederike-Sophie;w;1
1;Filippo;m;1
1;Gabriela;w;1
1;Fionn;m;1
1;Gaia;w;1
1;Firas;m;1
1;Gerda;w;1
1;Fivos;m;1
1;Ghasal;w;1
1;Fjodor;m;1
1;Gia;w;1
1;Flor;m;1
1;Giada;w;1
1;Florin;m;1
1;Grace;w;1
1;Flynn;m;1
1;Gracia;w;1
1;Francisco;m;1
1;Gulistan;w;1
1;Franek;m;1
1;Gülgün;w;1
1;Frank;m;1
1;Gülsen;w;1
1;Friedemann;m;1
1;Gülsüm;w;1
1;Frieder;m;1
1;Hacer;w;1
1;Fynn-Louis;m;1
1;Hadeel;w;1
1;Gabriel-Dragan;m;1
1;Hafsa;w;1
1;Gavan;m;1
1;Hafsa-Nur;w;1
1;Gavriel;m;1
1;Haily;w;1
1;Gen;m;1
1;Haily-Sanny;w;1
1;George;m;1
1;Hala;w;1
1;Georgi;m;1
1;Halina;w;1
1;Georgios;m;1
1;Halszka;w;1
1;Gereon;m;1
1;Hamdiya;w;1
1;Gert;m;1
1;Hanan;w;1
1;Getoar;m;1
1;Hani;w;1
1;Ghassan;m;1
1;Haniya;w;1
1;Gian;m;1
1;Hanvika;w;1
1;Gioele;m;1
1;Harlyn;w;1
1;Giovanni;m;1
1;Hassna;w;1
1;Giulio;m;1
1;Hatice;w;1
1;Glory;m;1
1;Havin;w;1
1;Guancheng;m;1
1;Hawraa;w;1
1;Gustaf;m;1
1;Hayat;w;1
1;Gustaw;m;1
1;Hayley;w;1
1;Gökmen;m;1
1;Hazel;w;1
1;Güney;m;1
1;Hedwig;w;1
1;Habip;m;1
1;Heidi;w;1
1;Hafes;m;1
1;Helia;w;1
1;Hagen;m;1
1;Henriette;w;1
1;Hai;m;1
1;Hermine;w;1
1;Haider;m;1
1;Hettie;w;1
1;Hali-Emiliano;m;1
1;Hilal;w;1
1;Hamit;m;1
1;Hille;w;1
1;Hamsa;m;1
1;Hira-Nur;w;1
1;Hamza-Eren;m;1
1;Hiranur;w;1
1;Han;m;1
1;Hoang;w;1
1;Hans;m;1
1;Holly;w;1
1;Harri;m;1
1;Houda;w;1
1;Haschem;m;1
1;Hyab;w;1
1;Hasib;m;1
1;Hà;w;1
1;Hatem;m;1
1;Hümeyra;w;1
1;Hazar;m;1
1;Ikhlas;w;1
1;Hazem;m;1
1;Ila;w;1
1;Helge;m;1
1;Ilaaf;w;1
1;Hendrik;m;1
1;Ilay;w;1
1;Henning;m;1
1;Ilayda;w;1
1;Henrick;m;1
1;Ilektra;w;1
1;Henrik;m;1
1;Ilona;w;1
1;Henryk;m;1
1;Ilyana;w;1
1;Hibiki;m;1
1;Ina;w;1
1;Hizir;m;1
1;Inaya;w;1
1;Hızır;m;1
1;Insa;w;1
1;Hubert;m;1
1;Irmak;w;1
1;Hubertus;m;1
1;Isa;w;1
1;Hunter;m;1
1;Ishaal;w;1
1;Hussam;m;1
1;Ishaani;w;1
1;Héðinn;m;1
1;Isra;w;1
1;Ian;m;1
1;Itsaso;w;1
1;Ibrahima;m;1
1;Ivana;w;1
1;Ida;m;1
1;Ivana-Jasna;w;1
1;Ihsan;m;1
1;Ivna;w;1
1;Ilai;m;1
1;Izabela;w;1
1;Ilan;m;1
1;Izabelle;w;1
1;Ilfro;m;1
1;Jade;w;1
1;Ilie;m;1
1;Jahnavi;w;1
1;Ilkay;m;1
1;Jamie;w;1
1;Ilker;m;1
1;Janina;w;1
1;Ilya;m;1
1;Janna;w;1
1;İlyas;m;1
1;Jasmina;w;1
1;Imad;m;1
1;Jasmina-Lena;w;1
1;Imanuel;m;1
1;Jawaher;w;1
1;Imran;m;1
1;Jayne;w;1
1;Imre;m;1
1;Jeanne;w;1
1;Inti;m;1
1;Jelisaweta;w;1
1;Ion;m;1
1;Jella;w;1
1;Isaac;m;1
1;Jenny;w;1
1;Isaak;m;1
1;Joelle;w;1
1;Isaiah;m;1
1;Jolene;w;1
1;Isak;m;1
1;Jolien;w;1
1;Ishar;m;1
1;Jory;w;1
1;Ismail;m;1
1;Josefa;w;1
1;İsmail;m;1
1;Josie;w;1
1;Istok;m;1
1;Jouanna;w;1
1;Ivo;m;1
1;Jouri;w;1
1;Izarn;m;1
1;Joury;w;1
1;Jaari;m;1
1;Joyce;w;1
1;Jador;m;1
1;Juaan;w;1
1;Jafar;m;1
1;Juleen;w;1
1;Jaleel;m;1
1;Juli;w;1
1;Jamie;m;1
1;Juliana;w;1
1;Jamil;m;1
1;Julietta;w;1
1;Jamo;m;1
1;Julika;w;1
1;Janesh;m;1
1;Juna-Luana;w;1
1;Janne;m;1
1;Juni;w;1
1;Jannik;m;1
1;Jördis;w;1
1;Janosch;m;1
1;Kaia;w;1
1;Janusz;m;1
1;Kaila;w;1
1;Jarle;m;1
1;Kaira;w;1
1;Jarne;m;1
1;Kali;w;1
1;Jasin;m;1
1;Kalia;w;1
1;Jasser;m;1
1;Kalina;w;1
1;Jax;m;1
1;Kallisto;w;1
1;Jean;m;1
1;Kamilia;w;1
1;Jeppe;m;1
1;Kamilla;w;1
1;Jerro;m;1
1;Kamsi;w;1
1;Jesper;m;1
1;Karma;w;1
1;Jibrail;m;1
1;Karolina;w;1
1;Jibriel;m;1
1;Karyna;w;1
1;Jimmy-Finlay;m;1
1;Katara;w;1
1;Joah;m;1
1;Katharina;w;1
1;Joan;m;1
1;Katia;w;1
1;Joaquim;m;1
1;Katie;w;1
1;Jomsa;m;1
1;Kayra;w;1
1;Jonael;m;1
1;Keana;w;1
1;Jonasz;m;1
1;Kehlani;w;1
1;Jordan;m;1
1;Kendra;w;1
1;Jori;m;1
1;Kenza;w;1
1;Jounes;m;1
1;Kezia;w;1
1;Jud;m;1
1;Khadija;w;1
1;Jul;m;1
1;Khadra;w;1
1;Julien;m;1
1;Khaira;w;1
1;Julin;m;1
1;Kim-Lina;w;1
1;Julio;m;1
1;Kimberly-Jasmin;w;1
1;Junes;m;1
1;Kimia;w;1
1;Jurgen;m;1
1;Kira;w;1
1;Józef;m;1
1;Kiswa;w;1
1;Kacper;m;1
1;Klea;w;1
1;Kadir;m;1
1;Kleo;w;1
1;Kajo;m;1
1;Koko;w;1
1;Kajus;m;1
1;Kunjal;w;1
1;Kaleo;m;1
1;Kushaya;w;1
1;Kamel;m;1
1;Kyra;w;1
1;Kanha;m;1
1;Laeli;w;1
1;Karan;m;1
1;Laeta;w;1
1;Karen;m;1
1;Lailah;w;1
1;Kaspar;m;1
1;Lajlah;w;1
1;Kaspian;m;1
1;Lale;w;1
1;Kastriot;m;1
1;Lamar;w;1
1;Kavus;m;1
1;Lamia;w;1
1;Kawdan;m;1
1;Lamita;w;1
1;Kayhan;m;1
1;Lamiya;w;1
1;Kayu;m;1
1;Lareen;w;1
1;Kazım;m;1
1;Larissa;w;1
1;Kazimir;m;1
1;Latifah;w;1
1;Kaïs;m;1
1;Laurine;w;1
1;Kbrown;m;1
1;Lavin;w;1
1;Keanu;m;1
1;Layen;w;1
1;Kemal;m;1
1;Leana;w;1
1;Kerim;m;1
1;Leandra;w;1
1;Kethan;m;1
1;Leevke;w;1
1;Kevin;m;1
1;Leevya;w;1
1;Keyan;m;1
1;Leilany-Cataleya;w;1
1;Khalid;m;1
1;Lejla;w;1
1;Kimon;m;1
1;Leman;w;1
1;Kion;m;1
1;Lemar;w;1
1;Kit;m;1
1;Leokadia;w;1
1;Kiyan;m;1
1;Leona;w;1
1;Kiyoshi;m;1
1;Leoni;w;1
1;Klaas;m;1
1;Leonor;w;1
1;Kleyvi;m;1
1;Leony;w;1
1;Komen;m;1
1;Letizia;w;1
1;Konstantinos;m;1
1;Levis;w;1
1;Krenar;m;1
1;Leya;w;1
1;Kristijan;m;1
1;Leyna;w;1
1;Kubilay;m;1
1;Lidia;w;1
1;Kudus;m;1
1;Liesbeth;w;1
1;Kylian;m;1
1;Lijana;w;1
1;Kymani;m;1
1;Lila;w;1
1;Laif;m;1
1;Lilah;w;1
1;Lamine;m;1
1;Lile;w;1
1;Lauri;m;1
1;Lilian;w;1
1;Laurin;m;1
1;Liliane;w;1
1;Layla;m;1
1;Liliya;w;1
1;Leano;m;1
1;Lilliana;w;1
1;Lenio;m;1
1;Lillie-Eline;w;1
1;Lenjo;m;1
1;Lilly-Kim;w;1
1;Lennas;m;1
1;Limar;w;1
1;Lenny;m;1
1;Line;w;1
1;Leo,;m;1
1;Linja;w;1
1;Leon-Alexander;m;1
1;Linnéa;w;1
1;Leroy;m;1
1;Linyan;w;1
1;Lev;m;1
1;Lioba;w;1
1;Levent;m;1
1;Liora-Ilanit;w;1
1;Levi-Nael;m;1
1;Lisamarie;w;1
1;Levian;m;1
1;Lisann;w;1
1;Levon;m;1
1;Liva;w;1
1;Liam-Emiliano;m;1
1;Liyah-Celina;w;1
1;Lilian;m;1
1;Liyanah;w;1
1;Lior;m;1
1;Llahuén;w;1
1;Liou;m;1
1;Loki;w;1
1;Liyas;m;1
1;Lone;w;1
1;Logan;m;1
1;Lore;w;1
1;Loma;m;1
1;Lorelai;w;1
1;Loran;m;1
1;Lorelei;w;1
1;Lorenz;m;1
1;Loreta;w;1
1;Louan;m;1
1;Lorîn;w;1
1;Louie;m;1
1;Lottie;w;1
1;Loukas-Konstantinos;m;1
1;Louana;w;1
1;Lounes;m;1
1;Louane;w;1
1;Lourenço;m;1
1;Louisiane;w;1
1;Lua;m;1
1;Louka;w;1
1;Luan-Eliyah;m;1
1;Lounis;w;1
1;Luay;m;1
1;Luana;w;1
1;Luca-David;m;1
1;Luann;w;1
1;Lucio;m;1
1;Lucijana;w;1
1;Lucius;m;1
1;Lucinda;w;1
1;Ludger;m;1
1;Lucía;w;1
1;Lui;m;1
1;Luisanna;w;1
1;Lukes;m;1
1;Luiza;w;1
1;Luljan;m;1
1;Lujain;w;1
1;Lupo;m;1
1;Lujza;w;1
1;Lusiano;m;1
1;Luka;w;1
1;Lyam;m;1
1;Luz;w;1
1;Lyan;m;1
1;Lyana;w;1
1;Lyas;m;1
1;Lyanna;w;1
1;Lysias;m;1
1;Léonora;w;1
1;Léon;m;1
1;Lía;w;1
1;Mads;m;1
1;Lívia;w;1
1;Magnes;m;1
1;Maayan;w;1
1;Mahamed;m;1
1;Mabelle;w;1
1;Maid;m;1
1;Madeleine;w;1
1;Majed;m;1
1;Madita;w;1
1;Maksim;m;1
1;Maditha;w;1
1;Maleo;m;1
1;Madleen;w;1
1;Mali;m;1
1;Mai;w;1
1;Malik-Yahya;m;1
1;Maia;w;1
1;Malio;m;1
1;Maisa;w;1
1;Malo;m;1
1;Maivi;w;1
1;Manar;m;1
1;Maja-Lynh;w;1
1;Manilo;m;1
1;Maje;w;1
1;Marian;m;1
1;Malaika;w;1
1;Marijan;m;1
1;Malena;w;1
1;Marina;m;1
1;Malien;w;1
1;Marino;m;1
1;Malya;w;1
1;Mario;m;1
1;Mandra;w;1
1;Marius;m;1
1;Manissa;w;1
1;Mark;m;1
1;Maranata;w;1
1;Markos;m;1
1;Maren;w;1
1;Marley;m;1
1;Margarita;w;1
1;Matei;m;1
1;Margaux;w;1
1;Mateja;m;1
1;Margherita;w;1
1;Mathias;m;1
1;Margrethe;w;1
1;Mathis;m;1
1;Marie-Jolie;w;1
1;Matija;m;1
1;Marielies;w;1
1;Matthis;m;1
1;Marijeta;w;1
1;Matti;m;1
1;Marina;w;1
1;Mattis-Robert;m;1
1;Marita;w;1
1;Mattéo;m;1
1;Mariya;w;1
1;Maurice;m;1
1;Marlie;w;1
1;Mauritz;m;1
1;Mary;w;1
1;Mavi;m;1
1;Mary-Elizabeth;w;1
1;Maximus;m;1
1;Maryam;w;1
1;Maël;m;1
1;Masah;w;1
1;Melih;m;1
1;Mathea;w;1
1;Melihcan;m;1
1;Matilde;w;1
1;Melik;m;1
1;Matthea;w;1
1;Meran;m;1
1;Matthes;w;1
1;Merdan-Ali;m;1
1;Maximiliane;w;1
1;Mertcan;m;1
1;Maymunah;w;1
1;Merveille;m;1
1;Maysa;w;1
1;Mesut;m;1
1;Mayssa;w;1
1;Metehan;m;1
1;Measa;w;1
1;Metin;m;1
1;Media;w;1
1;Mica;m;1
1;Megan;w;1
1;Michel;m;1
1;Mehlika;w;1
1;Mick;m;1
1;Melani;w;1
1;Mielad;m;1
1;Meliha;w;1
1;Mihas;m;1
1;Melike;w;1
1;Mijaz;m;1
1;Melinay;w;1
1;Mike;m;1
1;Melisa;w;1
1;Mike-Enzo;m;1
1;Melissa;w;1
1;Mikhail;m;1
1;Meliyah;w;1
1;Mikolaj;m;1
1;Meliyah-Amara;w;1
1;Milan-Alessio;m;1
1;Melos;w;1
1;Milan-Elias;m;1
1;Mena;w;1
1;Milos;m;1
1;Menna;w;1
1;Milow;m;1
1;Mercy;w;1
1;Milow-Alexander;m;1
1;Merve;w;1
1;Miloš;m;1
1;Merya;w;1
1;Minh;m;1
1;Mette;w;1
1;Mino;m;1
1;Meva;w;1
1;Minosch;m;1
1;Mi;w;1
1;Mir;m;1
1;Mia-Jamila;w;1
1;Mira;m;1
1;Mia-Rose;w;1
1;Miriam;m;1
1;Mieke;w;1
1;Miro;m;1
1;Mihrimah;w;1
1;Mirzobek;m;1
1;Mikayla-Valentina;w;1
1;Misha;m;1
1;Mikella;w;1
1;Mishary;m;1
1;Milanka;w;1
1;Mitar;m;1
1;Milea;w;1
1;Mitja;m;1
1;Miley;w;1
1;Moaz;m;1
1;Milou;w;1
1;Mobin;m;1
1;Milya;w;1
1;Mohammed-Ali;m;1
1;Mina-Lylia;w;1
1;Mohammed-Jibriel;m;1
1;Mineyla;w;1
1;Moise;m;1
1;Minka;w;1
1;Mostafa;m;1
1;Miraja;w;1
1;Mouctar;m;1
1;Miray-İlayda;w;1
1;Mouhamad;m;1
1;Mirella;w;1
1;Mounir;m;1
1;Mirija;w;1
1;Mousa;m;1
1;Mirle;w;1
1;Moussa;m;1
1;Mirna;w;1
1;Mubarak;m;1
1;Mitzi;w;1
1;Mucahid;m;1
1;Miya;w;1
1;Muhamad;m;1
1;Miyu;w;1
1;Muhamed-Nezir;m;1
1;Miyá;w;1
1;Muhammet;m;1
1;Mobina;w;1
1;Murat;m;1
1;Moena;w;1
1;Musab;m;1
1;Monali;w;1
1;Nabil;m;1
1;Monica;w;1
1;Nando;m;1
1;Máire;w;1
1;Nantis;m;1
1;Mỹ;w;1
1;Nasouh;m;1
1;Nabila;w;1
1;Nasser;m;1
1;Nadja;w;1
1;Nathaniel;m;1
1;Nafas;w;1
1;Nathaniel-Harrison;m;1
1;Nahide;w;1
1;Nayar;m;1
1;Nairah;w;1
1;Nayil;m;1
1;Najlaa;w;1
1;Nayson;m;1
1;Nala;w;1
1;Nazim;m;1
1;Nami;w;1
1;Nemanja;m;1
1;Namira;w;1
1;Neno;m;1
1;Narin;w;1
1;Neo;m;1
1;Natalie;w;1
1;Nero;m;1
1;Nathania;w;1
1;Nesimi;m;1
1;Nazlı;w;1
1;Nick;m;1
1;Nefise;w;1
1;Niclas;m;1
1;Negin;w;1
1;Nicoló;m;1
1;Nela;w;1
1;Nidal;m;1
1;Nelisu;w;1
1;Nielas;m;1
1;Nelli;w;1
1;Niels;m;1
1;Nera;w;1
1;Nikola;m;1
1;Neri;w;1
1;Nilan;m;1
1;Neya;w;1
1;Nilas;m;1
1;Neyla;w;1
1;Nilo;m;1
1;Nicolle;w;1
1;Ning;m;1
1;Nihal;w;1
1;Nizar;m;1
1;Nihan;w;1
1;Noa;m;1
1;Nika;w;1
1;Noar;m;1
1;Nikita;w;1
1;Nolan;m;1
1;Nikolet;w;1
1;Nori;m;1
1;Nikoletta;w;1
1;Nouredin;m;1
1;Nilah;w;1
1;Noyan;m;1
1;Nilay;w;1
1;Noél;m;1
1;Ning;w;1
1;Nuriel;m;1
1;Nira;w;1
1;Obaida;m;1
1;Nisreen;w;1
1;Obinna;m;1
1;Nmasinachi;w;1
1;Odai;m;1
1;Noelle;w;1
1;Oday;m;1
1;Noga;w;1
1;Ogün;m;1
1;Noor;w;1
1;Okeanos;m;1
1;Nooreen;w;1
1;Olaf;m;1
1;Norah;w;1
1;Olyar;m;1
1;Norma;w;1
1;Omer;m;1
1;Nouhaila;w;1
1;Omran;m;1
1;Noura;w;1
1;Omri;m;1
1;Nova;w;1
1;Orua;m;1
1;Noémi;w;1
1;Ottó;m;1
1;Nuray;w;1
1;Ouais;m;1
1;Nuri;w;1
1;Ove;m;1
1;Nusaiba;w;1
1;Oviel;m;1
1;Odette;w;1
1;Owen;m;1
1;Ofelia;w;1
1;Ozan;m;1
1;Ohana;w;1
1;Pablo;m;1
1;Ola;w;1
1;Paco;m;1
1;Olive;w;1
1;Pau;m;1
1;Omlvadly;w;1
1;Pedram;m;1
1;Palea;w;1
1;Pepe;m;1
1;Paolina;w;1
1;Percy;m;1
1;Parmida;w;1
1;Phileas;m;1
1;Paz;w;1
1;Philippos;m;1
1;Pela;w;1
1;Phio;m;1
1;Pelisa;w;1
1;Pius;m;1
1;Phia;w;1
1;Pragadh;m;1
1;Philine;w;1
1;Prince;m;1
1;Philippa;w;1
1;Quentin;m;1
1;Philomena;w;1
1;Quinn;m;1
1;Phiona;w;1
1;Quintin;m;1
1;Pinelopi;w;1
1;Radovan;m;1
1;Pippa;w;1
1;Raduan;m;1
1;Pollyanna;w;1
1;Rahman;m;1
1;Priya;w;1
1;Raik;m;1
1;Päivi;w;1
1;Raiyan;m;1
1;Qader;w;1
1;Ramin;m;1
1;Racha;w;1
1;Randja;m;1
1;Rahaf;w;1
1;Rauad;m;1
1;Rahela;w;1
1;Raul;m;1
1;Raisa;w;1
1;Rawad;m;1
1;Rajanna;w;1
1;Remo;m;1
1;Rania;w;1
1;Renas;m;1
1;Raphaela;w;1
1;Riccardo;m;1
1;Rasha;w;1
1;Ricky;m;1
1;Ratil;w;1
1;Ridvan;m;1
1;Ravza;w;1
1;Riek;m;1
1;Rayhana;w;1
1;Riku;m;1
1;Razan;w;1
1;Riley;m;1
1;Rea;w;1
1;Rocco;m;1
1;Rebeca;w;1
1;Roger;m;1
1;Reina;w;1
1;Roman;m;1
1;Reyhan;w;1
1;Romeo;m;1
1;Reyyanah;w;1
1;Rook;m;1
1;Ria;w;1
1;Rozerîn;m;1
1;Rika;w;1
1;Rumi;m;1
1;Riley;w;1
1;Ryo;m;1
1;Rim;w;1
1;Río;m;1
1;Ritaj;w;1
1;Rüzgar;m;1
1;Rogina;w;1
1;Said;m;1
1;Rojda;w;1
1;Saladin;m;1
1;Roliana;w;1
1;Sami;m;1
1;Romina;w;1
1;Sami-Eliyas;m;1
1;Roxane;w;1
1;Samir;m;1
1;Roza;w;1
1;Samiro;m;1
1;Rumyana;w;1
1;Samrat;m;1
1;Réka;w;1
1;Santiago;m;1
1;Rüya;w;1
1;Sardar;m;1
1;Saanvi;w;1
1;Sascha;m;1
1;Sabin;w;1
1;Sassan;m;1
1;Safa;w;1
1;Saul;m;1
1;Safia;w;1
1;Savi;m;1
1;Safiya;w;1
1;Sayfullah;m;1
1;Safiye;w;1
1;Sayon;m;1
1;Sahar;w;1
1;Saša;m;1
1;Saima;w;1
1;Sebastiano;m;1
1;Sajad;w;1
1;Selim;m;1
1;Salamata;w;1
1;Semyan;m;1
1;Salimatou;w;1
1;Seong-Jun;m;1
1;Salina;w;1
1;Sevdin;m;1
1;Salma;w;1
1;Severin;m;1
1;Salomé;w;1
1;Seyd;m;1
1;Salzina;w;1
1;Seydin;m;1
1;Sam;w;1
1;Seyed;m;1
1;Sama;w;1
1;Seyid-Mahmud;m;1
1;Samara;w;1
1;Seyyid;m;1
1;Samira;w;1
1;Seyyid-Ali;m;1
1;Sanaa;w;1
1;Shaan;m;1
1;Sanaya;w;1
1;Shahzain;m;1
1;Sanem;w;1
1;Sherlock;m;1
1;Saphira;w;1
1;Sias;m;1
1;Sarina;w;1
1;Siavash;m;1
1;Sasha;w;1
1;Silas;m;1
1;Sava;w;1
1;Sirak;m;1
1;Saynabou;w;1
1;Sıraç;m;1
1;Scarlett;w;1
1;Slavko;m;1
1;Schams;w;1
1;Sokrates;m;1
1;Scheralin;w;1
1;Solumon;m;1
1;Seher;w;1
1;Sonay;m;1
1;Selen;w;1
1;Stanisław;m;1
1;Selene;w;1
1;Suhair;m;1
1;Selina;w;1
1;Suheyb;m;1
1;Semanur;w;1
1;Suleiman;m;1
1;Semina;w;1
1;Sylvan;m;1
1;Senem;w;1
1;Sylvania;m;1
1;Senidah;w;1
1;Szymon;m;1
1;Senta;w;1
1;Taavi;m;1
1;Sereen;w;1
1;Tahlil;m;1
1;Serena;w;1
1;Taim;m;1
1;Sesil;w;1
1;Tamino;m;1
1;Sevde;w;1
1;Tammo;m;1
1;Seyda;w;1
1;Tan;m;1
1;Seynab;w;1
1;Tanay;m;1
1;Shanti;w;1
1;Tarefegha;m;1
1;Shehrazad;w;1
1;Tarek;m;1
1;Shyhrete;w;1
1;Tarik;m;1
1;Sibel;w;1
1;Tayanno;m;1
1;Sienna;w;1
1;Taylor;m;1
1;Sıla;w;1
1;Tayo;m;1
1;Sila-Aliye;w;1
1;Teade;m;1
1;Silin;w;1
1;Temir;m;1
1;Sina;w;1
1;Terence;m;1
1;Sinja;w;1
1;Thees;m;1
1;Sissi;w;1
1;Theodore;m;1
1;Slava;w;1
1;Theofilos;m;1
1;Smilla;w;1
1;Thorben;m;1
1;Sofija;w;1
1;Thorin;m;1
1;Sofía;w;1
1;Tiahui;m;1
1;Solomia;w;1
1;Tiano;m;1
1;Solomie;w;1
1;Tilo;m;1
1;Sonia;w;1
1;Timmy;m;1
1;Sophia-Luisa;w;1
1;Tjell;m;1
1;Souzan;w;1
1;Tomislav;m;1
1;Starr;w;1
1;Tommy;m;1
1;Stefanie;w;1
1;Tonalli;m;1
1;Stina;w;1
1;Tonatiuh;m;1
1;Stina-Marie;w;1
1;Tony;m;1
1;Stine;w;1
1;Torben;m;1
1;Sude;w;1
1;Tosh;m;1
1;Sudenaz;w;1
1;Toumi;m;1
1;Sudhvi;w;1
1;Tresor;m;1
1;Sueli;w;1
1;Trion;m;1
1;Suhayba;w;1
1;Tugra;m;1
1;Sumaya;w;1
1;Tuncer;m;1
1;Sumeja;w;1
1;Turan;m;1
1;Sura;w;1
1;Tuyan;m;1
1;Suri-Louise;w;1
1;Tymoteusz;m;1
1;Suzan;w;1
1;Tyrone;m;1
1;Svava;w;1
1;Tyson;m;1
1;Sydney;w;1
1;Tzemil;m;1
1;Sümeyra;w;1
1;Uchechukwu;m;1
1;Sümeyranur;w;1
1;Udo;m;1
1;Tadala;w;1
1;Umar;m;1
1;Talina;w;1
1;Vahitcan;m;1
1;Talía;w;1
1;Vico;m;1
1;Tamina;w;1
1;Viggo;m;1
1;Tanina;w;1
1;Vigo;m;1
1;Tanja;w;1
1;Viktor;m;1
1;Tara-Marie;w;1
1;Vin;m;1
1;Tasniem;w;1
1;Vito;m;1
1;Tassnim;w;1
1;Vukašin;m;1
1;Taylor;w;1
1;Ward;m;1
1;Teodora;w;1
1;Watin;m;1
1;Thalya;w;1
1;Waya;m;1
1;Thekla;w;1
1;Wenzel;m;1
1;Thelma;w;1
1;Wido;m;1
1;Theodora;w;1
1;Wiktor;m;1
1;Thida;w;1
1;Wilhelm;m;1
1;Thilda;w;1
1;Wilken;m;1
1;Thu-Minh;w;1
1;William;m;1
1;Tinaya;w;1
1;Willy;m;1
1;Tine;w;1
1;Win;m;1
1;Tjara;w;1
1;Witold;m;1
1;Tuana;w;1
1;Wojciech;m;1
1;Uma;w;1
1;Wojtek;m;1
1;Umay;w;1
1;Wolfgang;m;1
1;Vaishnavi;w;1
1;Xavier;m;1
1;Vanja;w;1
1;Yacoub;m;1
1;Varpu;w;1
1;Yago;m;1
1;Veerle;w;1
1;Yakub;m;1
1;Vesta;w;1
1;Yam;m;1
1;Veyda;w;1
1;Yamac;m;1
1;Victory;w;1
1;Yannik;m;1
1;Vigga;w;1
1;Yasha;m;1
1;Vihra;w;1
1;Yasir;m;1
1;Violeta;w;1
1;Yasmin;m;1
1;Violetta;w;1
1;Yavuz;m;1
1;Vittoria;w;1
1;Yağız;m;1
1;Vivian;w;1
1;Yigit;m;1
1;Wachia;w;1
1;Yiğithan;m;1
1;Walentina;w;1
1;Yonah;m;1
1;Wen;w;1
1;Yordan;m;1
1;Wenqi;w;1
1;Yotam;m;1
1;Wilhelmine;w;1
1;Youssef;m;1
1;Xaali;w;1
1;Yunis;m;1
1;Xenia-Sophie;w;1
1;Yusef;m;1
1;Yacine;w;1
1;Yven;m;1
1;Yaima;w;1
1;Yves;m;1
1;Yamina;w;1
1;Yūma;m;1
1;Yana;w;1
1;Zaki;m;1
1;Yasin;w;1
1;Zayed;m;1
1;Yağmur;w;1
1;Zayn-Kareem;m;1
1;Yelda;w;1
1;Zayne;m;1
1;Ylvi;w;1
1;Zaïd;m;1
1;Ylvie;w;1
1;Zekeriya;m;1
1;Yma;w;1
1;Zekeriyya;m;1
1;Yoko;w;1
1;Zen;m;1
1;Yolla;w;1
1;Zeno;m;1
1;Yomna;w;1
1;Zeyn;m;1
1;Yordana;w;1
1;Ziggy;m;1
1;Youna;w;1
1;Zihan;m;1
1;Yousra;w;1
1;Zion;m;1
1;Yuna-Malie;w;1
1;Zoran;m;1
1;Zaydah;w;1
1;Zuhair;m;1
1;Zaynab;w;1
1;Zvonimir;m;1
1;Zelda;w;1
1;Çağlar;m;1
1;Zeliha;w;1
1;Éireann;m;1
1;Ziyi;w;1
1;Étienne;m;1
1;Zoe-Hope;w;1
1;Îbrahîm;m;1
1;Zofia;w;1
1;Üveys;m;1
1;Zoha;w;1
1;Üçler;m;1
1;Zora;w;1
1;Şems;m;1
1;Zorica;w;1
1;Ştefan;m;1
1;Zosia;w;1
1;Zuzanna;w;1
1;Züleyha;w;1
1;Áróra;w;1
1;Íris;w;1
1;Đurđa;w;1
1;Đurđina;w;1
1;Łucja;w;1
1;Šejma;w;1
